ID_Prestamo,Monto_Prestamo_COP,Plazo_Meses,Edad_Agricultor,Experiencia_Anios,Ingresos_Mensuales_COP,Garantia_Respaldada,Subsidio_Gobierno,Tasa_Interes_EA
1,48072000.0,48,72,27.0,9220000.0,0.0,0,22.42
2,114332000.0,36,51,39.0,8048000.0,0.0,1,14.08
3,89179000.0,60,25,19.0,7181000.0,0.0,0,24.57
4,73846000.0,12,39,32.0,8681000.0,1.0,1,12.44
5,22942000.0,60,25,11.0,2840000.0,1.0,1,17.45
6,22939000.0,12,66,14.0,7670000.0,0.0,1,16.27
7,11680000.0,24,32,40.0,3142000.0,1.0,1,13.32
8,104610000.0,12,34,38.0,11203000.0,1.0,0,16.39
9,74128000.0,48,40,1.0,2031000.0,0.0,0,27.48
10,86428000.0,36,41,28.0,5905000.0,1.0,1,14.98
11,7367000.0,24,62,40.0,8745000.0,1.0,0,17.6
12,116540000.0,12,36,9.0,6201000.0,1.0,0,19.96
13,100731000.0,60,22,1.0,2285000.0,1.0,1,17.86
14,29419000.0,24,49,10.0,7221000.0,1.0,1,16.17
15,25910000.0,24,61,12.0,8165000.0,0.0,1,17.36
16,26092000.0,12,18,9.0,8831000.0,0.0,0,22.21
17,39988000.0,24,40,13.0,5294000.0,0.0,1,17.58
18,65347000.0,60,54,17.0,7331000.0,1.0,0,20.57
19,54674000.0,24,25,8.0,6122000.0,0.0,0,22.93
20,38491000.0,60,30,38.0,8491000.0,0.0,1,16.87
21,75363000.0,12,25,27.0,7544000.0,1.0,0,17.13
22,21042000.0,36,74,2.0,6926000.0,1.0,0,20.47
23,38597000.0,24,40,19.0,3970000.0,,1,15.28
24,47132000.0,36,60,5.0,1322000.0,0.0,0,25.68
25,57448000.0,60,18,26.0,3163000.0,0.0,0,23.92
26,95295000.0,24,62,1.0,2553000.0,1.0,0,21.51
27,27962000.0,48,68,28.0,6105000.0,0.0,1,18.26
28,64137000.0,36,41,37.0,7851000.0,0.0,1,15.04
29,73128000.0,24,52,2.0,3580000.0,1.0,1,14.86
30,10342000.0,36,41,15.0,11348000.0,1.0,1,12.33
31,74868000.0,24,34,,1371000.0,0.0,1,18.06
32,24610000.0,12,22,39.0,9564000.0,1.0,1,10.37
33,12481000.0,36,37,1.0,7990000.0,1.0,0,21.19
34,114122000.0,48,38,16.0,5297000.0,0.0,0,23.15
35,116048000.0,48,57,40.0,1840000.0,1.0,1,14.97
36,97966000.0,60,75,11.0,8014000.0,0.0,0,23.27
37,40031000.0,24,48,34.0,5426000.0,0.0,1,16.5
38,16232000.0,36,63,42.0,11318000.0,1.0,1,10.18
39,83687000.0,60,53,0.0,7099000.0,0.0,1,19.97
40,55618000.0,36,28,44.0,11354000.0,1.0,1,10.56
41,19034000.0,24,69,14.0,3659000.0,0.0,1,17.43
42,61945000.0,48,32,25.0,9065000.0,,0,20.92
43,8955000.0,12,36,36.0,7905000.0,1.0,1,12.57
44,109572000.0,48,24,20.0,9212000.0,0.0,1,17.75
45,34760000.0,60,68,30.0,3597000.0,0.0,1,18.79
46,81190000.0,12,45,24.0,8415000.0,1.0,0,17.83
47,40847000.0,60,68,22.0,6629000.0,1.0,0,19.25
48,64808000.0,24,60,23.0,9248000.0,1.0,0,18.13
49,67872000.0,12,75,37.0,4799000.0,1.0,1,12.22
50,26258000.0,60,22,27.0,10824000.0,1.0,1,12.5
51,116502000.0,24,22,20.0,2202000.0,1.0,0,19.39
52,94140000.0,48,47,42.0,9937000.0,1.0,1,12.33
53,113042000.0,24,71,17.0,10516000.0,1.0,0,19.6
54,107905000.0,36,49,35.0,10045000.0,1.0,1,12.71
55,73758000.0,24,25,34.0,6786000.0,1.0,1,12.86
56,111016000.0,24,27,44.0,5991000.0,1.0,0,18.05
57,15177000.0,36,55,8.0,11960000.0,1.0,1,10.87
58,27538000.0,60,64,37.0,3752000.0,1.0,1,14.42
59,10201000.0,60,49,29.0,7152000.0,0.0,1,16.27
60,42413000.0,24,65,43.0,8476000.0,0.0,1,15.2
61,49698000.0,36,45,33.0,8799000.0,1.0,1,12.55
62,36205000.0,36,34,31.0,3483000.0,1.0,0,19.28
63,100305000.0,48,48,2.0,8298000.0,1.0,1,15.22
64,46027000.0,60,25,2.0,10057000.0,0.0,1,18.25
65,37307000.0,12,57,27.0,1835000.0,1.0,1,15.7
66,67410000.0,60,42,43.0,11053000.0,1.0,0,18.25
67,21206000.0,60,26,14.0,1616000.0,0.0,0,25.65
68,97253000.0,48,19,40.0,5109000.0,1.0,0,18.55
69,13573000.0,12,32,22.0,1469000.0,1.0,0,19.54
70,118492000.0,48,67,39.0,2125000.0,1.0,0,20.74
71,93808000.0,12,20,10.0,11050000.0,1.0,1,12.58
72,27852000.0,24,66,31.0,5097000.0,1.0,0,19.33
73,5635000.0,12,53,35.0,5845000.0,1.0,0,19.09
74,98778000.0,48,21,32.0,3604000.0,0.0,1,16.73
75,86289000.0,60,31,23.0,7689000.0,1.0,0,21.03
76,88836000.0,12,58,38.0,7664000.0,1.0,0,18.36
77,93696000.0,12,58,,5283000.0,1.0,0,16.95
78,13515000.0,36,42,27.0,4863000.0,0.0,0,24.88
79,46224000.0,60,75,36.0,10769000.0,1.0,1,12.97
80,18325000.0,24,72,6.0,5401000.0,0.0,0,23.36
81,104257000.0,48,67,3.0,6580000.0,1.0,1,16.0
82,76679000.0,24,27,36.0,4331000.0,0.0,1,15.98
83,43053000.0,60,38,0.0,9718000.0,0.0,1,18.82
84,12309000.0,12,53,0.0,5553000.0,1.0,1,14.36
85,40763000.0,12,29,19.0,6796000.0,0.0,1,18.3
86,42396000.0,60,44,18.0,4011000.0,1.0,1,15.86
87,88905000.0,12,57,28.0,11868000.0,1.0,0,17.44
88,78319000.0,12,19,9.0,4419000.0,,0,19.67
89,107029000.0,12,71,17.0,9547000.0,0.0,1,16.63
90,59305000.0,48,30,27.0,5874000.0,0.0,0,23.05
91,18753000.0,48,70,34.0,3507000.0,1.0,0,19.02
92,87023000.0,36,49,42.0,9857000.0,1.0,1,11.71
93,92490000.0,24,48,30.0,4870000.0,1.0,1,15.3
94,69547000.0,60,33,26.0,10558000.0,1.0,0,19.56
95,93661000.0,60,49,10.0,11093000.0,0.0,1,17.07
96,61786000.0,60,49,37.0,10500000.0,1.0,0,16.73
97,65114000.0,36,51,4.0,1675000.0,1.0,1,15.97
98,54167000.0,48,28,7.0,9725000.0,0.0,0,21.98
99,7923000.0,36,27,33.0,5701000.0,0.0,0,20.91
100,17408000.0,60,32,11.0,10649000.0,1.0,1,14.87
101,8614000.0,24,34,37.0,8126000.0,0.0,1,15.61
102,78187000.0,12,57,0.0,10220000.0,0.0,1,18.23
103,41151000.0,48,35,30.0,6644000.0,1.0,1,13.15
104,63486000.0,48,72,3.0,7025000.0,0.0,0,24.15
105,109370000.0,36,26,44.0,2845000.0,0.0,1,15.97
106,33669000.0,48,42,4.0,9689000.0,1.0,0,19.62
107,52194000.0,60,57,29.0,5787000.0,,0,19.95
108,91888000.0,60,31,23.0,6651000.0,1.0,0,19.92
109,31312000.0,36,75,2.0,9701000.0,1.0,1,14.39
110,13853000.0,60,42,10.0,7708000.0,1.0,1,15.96
111,38321000.0,24,67,44.0,3452000.0,1.0,1,14.04
112,23540000.0,36,39,3.0,7615000.0,1.0,1,14.3
113,111915000.0,24,69,25.0,5662000.0,1.0,0,19.3
114,97934000.0,12,47,26.0,6324000.0,1.0,1,13.84
115,77841000.0,24,37,42.0,1603000.0,0.0,1,18.05
116,105218000.0,12,38,26.0,3547000.0,1.0,0,19.01
117,97422000.0,12,61,,4307000.0,1.0,1,13.47
118,26456000.0,24,49,5.0,8929000.0,0.0,0,23.01
119,107644000.0,36,68,14.0,1423000.0,0.0,1,18.46
120,67024000.0,60,63,29.0,5674000.0,1.0,1,15.3
121,97856000.0,60,66,41.0,11187000.0,1.0,1,12.41
122,108050000.0,12,73,36.0,2497000.0,1.0,0,17.86
123,41570000.0,12,38,36.0,6826000.0,0.0,0,20.92
124,17656000.0,36,52,41.0,9716000.0,0.0,0,20.74
125,31213000.0,48,75,36.0,11385000.0,1.0,0,17.18
126,54117000.0,24,49,34.0,9291000.0,1.0,0,18.68
127,99072000.0,12,47,22.0,9010000.0,0.0,1,16.85
128,103984000.0,60,72,5.0,10143000.0,1.0,1,14.45
129,5799000.0,36,56,3.0,6074000.0,0.0,1,18.18
130,63736000.0,24,66,17.0,9923000.0,1.0,1,12.92
131,53002000.0,36,29,8.0,1385000.0,1.0,0,21.82
132,30542000.0,24,58,28.0,11193000.0,1.0,1,11.51
133,18785000.0,24,64,12.0,6043000.0,1.0,0,17.02
134,43826000.0,12,35,16.0,7221000.0,1.0,1,14.94
135,113435000.0,36,38,44.0,4027000.0,1.0,1,13.53
136,42168000.0,36,30,31.0,9245000.0,1.0,1,12.6
137,64661000.0,60,38,21.0,2120000.0,0.0,0,25.16
138,85847000.0,60,25,3.0,10637000.0,1.0,1,14.66
139,46817000.0,12,63,4.0,10161000.0,0.0,1,16.23
140,116755000.0,12,57,36.0,3612000.0,1.0,0,18.11
141,115681000.0,48,63,40.0,9960000.0,1.0,1,10.88
142,33955000.0,60,24,12.0,9714000.0,1.0,1,13.38
143,62184000.0,24,40,33.0,8065000.0,0.0,1,14.93
144,39601000.0,36,61,44.0,5297000.0,1.0,0,19.17
145,37757000.0,12,49,21.0,4205000.0,1.0,0,20.22
146,9242000.0,36,28,22.0,3780000.0,1.0,0,19.72
147,75100000.0,36,39,2.0,4709000.0,0.0,0,22.42
148,62808000.0,48,39,41.0,10968000.0,1.0,0,17.5
149,10920000.0,60,60,33.0,2131000.0,1.0,0,20.64
150,37044000.0,12,42,31.0,10169000.0,0.0,1,14.59
151,109451000.0,36,39,44.0,5033000.0,0.0,1,17.19
152,32550000.0,12,45,20.0,6881000.0,1.0,0,19.01
153,21663000.0,24,46,43.0,9801000.0,1.0,0,16.22
154,61287000.0,48,30,20.0,10763000.0,0.0,1,15.55
155,118350000.0,24,35,43.0,4989000.0,0.0,0,21.43
156,32836000.0,12,19,10.0,6242000.0,0.0,1,16.66
157,82296000.0,12,46,38.0,5735000.0,1.0,1,12.6
158,92586000.0,60,38,,1442000.0,1.0,1,18.31
159,32328000.0,36,32,0.0,4467000.0,1.0,1,14.94
160,88745000.0,36,69,27.0,6213000.0,1.0,1,13.97
161,47295000.0,24,44,23.0,5699000.0,1.0,1,14.66
162,77715000.0,48,67,34.0,9025000.0,0.0,0,21.62
163,77856000.0,36,48,12.0,5417000.0,0.0,1,18.81
164,66614000.0,60,32,33.0,6536000.0,0.0,1,17.13
165,15383000.0,24,68,10.0,5897000.0,1.0,0,20.29
166,101060000.0,24,40,35.0,9225000.0,1.0,0,18.01
167,41890000.0,60,41,16.0,10534000.0,0.0,0,22.22
168,26450000.0,48,61,34.0,6991000.0,1.0,1,15.2
169,9689000.0,60,30,17.0,9747000.0,1.0,0,20.12
170,72953000.0,48,39,39.0,4476000.0,1.0,0,20.6
171,82920000.0,60,60,21.0,7093000.0,0.0,0,24.27
172,6908000.0,60,54,23.0,4994000.0,1.0,1,15.48
173,63891000.0,12,50,18.0,5732000.0,1.0,0,20.47
174,31047000.0,24,73,36.0,9137000.0,0.0,1,15.47
175,79195000.0,60,20,38.0,10734000.0,1.0,1,12.02
176,25052000.0,60,71,20.0,2600000.0,0.0,1,19.33
177,84458000.0,36,36,7.0,8091000.0,1.0,1,13.73
178,49475000.0,24,40,27.0,7529000.0,1.0,0,16.96
179,112724000.0,36,46,4.0,2567000.0,1.0,0,21.19
180,20815000.0,24,47,16.0,3567000.0,1.0,1,15.05
181,44223000.0,36,56,36.0,4628000.0,0.0,0,23.38
182,18049000.0,60,61,35.0,3086000.0,1.0,0,19.89
183,111340000.0,60,64,18.0,3908000.0,1.0,1,16.66
184,105894000.0,12,42,26.0,4163000.0,1.0,0,18.38
185,34663000.0,36,54,33.0,4892000.0,1.0,1,13.2
186,80898000.0,48,64,10.0,9318000.0,1.0,0,21.0
187,98981000.0,12,25,44.0,7419000.0,1.0,1,11.83
188,68848000.0,36,59,11.0,11853000.0,0.0,1,16.23
189,65910000.0,36,75,20.0,5738000.0,1.0,1,14.65
190,32813000.0,12,33,10.0,9366000.0,1.0,0,17.79
191,15707000.0,60,25,38.0,10625000.0,1.0,1,12.37
192,108180000.0,36,18,27.0,8565000.0,1.0,1,13.19
193,108548000.0,60,61,4.0,5707000.0,0.0,1,20.33
194,77807000.0,12,22,16.0,9363000.0,1.0,0,17.05
195,43988000.0,60,20,19.0,3479000.0,1.0,1,17.33
196,45159000.0,24,18,40.0,4805000.0,1.0,1,13.08
197,88485000.0,48,21,11.0,7150000.0,0.0,1,17.25
198,108168000.0,36,57,5.0,7457000.0,1.0,1,13.81
199,107015000.0,48,52,16.0,1537000.0,0.0,0,25.24
200,94686000.0,60,49,18.0,11413000.0,1.0,1,12.52
201,78834000.0,36,59,25.0,8754000.0,1.0,1,12.81
202,14676000.0,60,51,43.0,6604000.0,0.0,1,16.54
203,23587000.0,24,60,43.0,11284000.0,0.0,1,15.17
204,108334000.0,12,42,31.0,5998000.0,0.0,1,17.02
205,74739000.0,36,27,5.0,11791000.0,1.0,1,13.03
206,6058000.0,24,38,35.0,6781000.0,0.0,0,21.42
207,16669000.0,24,63,37.0,2523000.0,0.0,0,21.47
208,81303000.0,36,56,10.0,9483000.0,1.0,1,12.3
209,5582000.0,60,44,32.0,8564000.0,1.0,1,12.63
210,23493000.0,24,44,23.0,9571000.0,1.0,0,19.17
211,68104000.0,48,19,22.0,11480000.0,1.0,0,19.1
212,84568000.0,24,58,14.0,9608000.0,0.0,0,22.3
213,79976000.0,60,65,26.0,7841000.0,1.0,1,13.02
214,30791000.0,60,30,10.0,10473000.0,1.0,0,19.29
215,86901000.0,48,26,16.0,8504000.0,1.0,1,13.54
216,32284000.0,24,69,13.0,5667000.0,1.0,1,14.41
217,42421000.0,60,53,26.0,10776000.0,1.0,1,13.12
218,90847000.0,36,39,17.0,3674000.0,1.0,1,14.46
219,79708000.0,12,59,27.0,8947000.0,1.0,1,12.64
220,102661000.0,12,43,3.0,10733000.0,0.0,0,22.14
221,80625000.0,12,75,6.0,9125000.0,0.0,1,16.18
222,70355000.0,24,71,44.0,8761000.0,0.0,1,15.2
223,15773000.0,48,29,34.0,9353000.0,0.0,1,16.99
224,47287000.0,60,34,8.0,6276000.0,1.0,0,22.38
225,35498000.0,36,31,7.0,10654000.0,0.0,0,22.86
226,33059000.0,36,31,44.0,3477000.0,1.0,0,19.57
227,116896000.0,24,74,16.0,2663000.0,0.0,0,23.77
228,50206000.0,12,51,16.0,4355000.0,0.0,1,18.42
229,107585000.0,24,70,32.0,6988000.0,1.0,0,17.65
230,77581000.0,48,74,31.0,6763000.0,0.0,1,17.78
231,96403000.0,48,37,7.0,10080000.0,1.0,0,19.57
232,62803000.0,60,28,18.0,5629000.0,1.0,0,22.02
233,71344000.0,60,33,37.0,6482000.0,0.0,1,17.61
234,61640000.0,48,68,2.0,1443000.0,0.0,0,25.83
235,27453000.0,48,48,4.0,5684000.0,1.0,0,21.11
236,88082000.0,48,72,12.0,8231000.0,0.0,1,18.17
237,37289000.0,24,23,30.0,1466000.0,0.0,1,18.36
238,7796000.0,48,73,15.0,4305000.0,0.0,0,23.93
239,79229000.0,36,36,31.0,3525000.0,0.0,1,17.74
240,25368000.0,12,54,21.0,1749000.0,1.0,1,15.59
241,113153000.0,48,75,28.0,6428000.0,1.0,1,13.04
242,114702000.0,12,21,21.0,3244000.0,1.0,0,20.51
243,110209000.0,24,64,42.0,9251000.0,0.0,0,20.84
244,47568000.0,12,21,2.0,10373000.0,0.0,0,23.08
245,6778000.0,24,37,9.0,7138000.0,1.0,0,19.27
246,111757000.0,36,27,41.0,11804000.0,1.0,1,11.38
247,54241000.0,24,41,20.0,6120000.0,1.0,1,14.15
248,116165000.0,24,71,15.0,6793000.0,1.0,1,14.67
249,115816000.0,60,52,11.0,11885000.0,1.0,0,19.72
250,103096000.0,48,43,1.0,3778000.0,1.0,1,15.55
251,38862000.0,48,54,40.0,11385000.0,0.0,0,20.86
252,49286000.0,36,55,23.0,1758000.0,1.0,1,17.08
253,102881000.0,36,38,34.0,6076000.0,1.0,1,14.01
254,41446000.0,48,71,29.0,2049000.0,0.0,1,19.9
255,24492000.0,60,57,29.0,9103000.0,0.0,1,17.66
256,69032000.0,48,56,34.0,7810000.0,1.0,0,19.95
257,112658000.0,60,38,18.0,8861000.0,1.0,1,14.61
258,85043000.0,36,27,7.0,5307000.0,1.0,1,15.79
259,70557000.0,12,55,25.0,5253000.0,0.0,1,16.99
260,16175000.0,36,63,39.0,1785000.0,0.0,1,17.71
261,75726000.0,36,21,6.0,5044000.0,1.0,1,16.1
262,118856000.0,24,74,29.0,11243000.0,0.0,0,20.19
263,21110000.0,24,62,6.0,5358000.0,1.0,1,16.56
264,64608000.0,24,37,2.0,10196000.0,0.0,0,21.8
265,105898000.0,24,34,0.0,10313000.0,1.0,1,14.58
266,90188000.0,60,72,35.0,5294000.0,1.0,1,15.51
267,85157000.0,48,24,24.0,8062000.0,1.0,0,19.24
268,85786000.0,12,21,36.0,2320000.0,1.0,1,12.91
269,46341000.0,36,46,0.0,2409000.0,1.0,0,23.08
270,38763000.0,60,31,14.0,1821000.0,1.0,1,16.88
271,98077000.0,12,20,36.0,7517000.0,0.0,1,16.1
272,98163000.0,60,41,12.0,5859000.0,1.0,1,15.53
273,104713000.0,60,54,39.0,7164000.0,0.0,1,18.2
274,110023000.0,36,33,7.0,6875000.0,,1,13.2
275,63804000.0,48,75,4.0,5047000.0,1.0,0,21.79
276,62674000.0,24,72,8.0,8549000.0,0.0,1,18.25
277,96804000.0,48,69,0.0,9416000.0,1.0,1,15.0
278,79746000.0,36,21,35.0,1457000.0,0.0,0,23.78
279,85726000.0,36,73,34.0,3517000.0,,0,22.64
280,96516000.0,36,41,1.0,8932000.0,1.0,0,20.16
281,107351000.0,12,51,39.0,5437000.0,1.0,0,16.85
282,43869000.0,48,47,22.0,8389000.0,1.0,1,13.33
283,48192000.0,48,35,8.0,5013000.0,0.0,1,18.33
284,15808000.0,60,36,33.0,5481000.0,0.0,1,18.21
285,71502000.0,60,48,13.0,2998000.0,0.0,0,24.66
286,9133000.0,60,36,3.0,4063000.0,0.0,0,24.97
287,58544000.0,36,66,29.0,7778000.0,1.0,0,18.5
288,67404000.0,48,63,30.0,5935000.0,1.0,1,13.56
289,37952000.0,36,36,37.0,9585000.0,1.0,1,12.5
290,72946000.0,12,39,10.0,10423000.0,1.0,1,13.24
291,8508000.0,60,41,34.0,7096000.0,0.0,1,17.79
292,9295000.0,36,62,7.0,9413000.0,1.0,1,14.66
293,99599000.0,36,29,2.0,4584000.0,0.0,1,19.53
294,46422000.0,12,47,13.0,5740000.0,0.0,1,17.09
295,19612000.0,24,75,12.0,8927000.0,1.0,1,13.31
296,65058000.0,48,55,44.0,5432000.0,0.0,0,21.47
297,93549000.0,24,70,31.0,7597000.0,0.0,1,15.37
298,29819000.0,60,48,33.0,3283000.0,1.0,1,15.29
299,76632000.0,36,53,44.0,7718000.0,1.0,1,11.85
300,14815000.0,12,36,18.0,10518000.0,1.0,0,19.1
301,10943000.0,12,65,37.0,10594000.0,0.0,1,14.43
302,66106000.0,48,62,15.0,9050000.0,0.0,1,18.53
303,67173000.0,24,53,1.0,9280000.0,1.0,0,20.13
304,78304000.0,48,47,39.0,7270000.0,0.0,1,15.8
305,88501000.0,36,72,16.0,7556000.0,1.0,0,19.6
306,117223000.0,48,66,33.0,2730000.0,0.0,0,22.3
307,64375000.0,12,72,41.0,6049000.0,1.0,0,18.04
308,42140000.0,12,50,15.0,6123000.0,0.0,0,22.07
309,96446000.0,60,35,37.0,11556000.0,1.0,1,11.52
310,36146000.0,60,69,1.0,5913000.0,1.0,0,22.98
311,55482000.0,36,66,1.0,7178000.0,1.0,0,21.49
312,14022000.0,24,45,25.0,7006000.0,0.0,0,22.92
313,7915000.0,48,64,12.0,8113000.0,1.0,0,20.71
314,115705000.0,36,28,30.0,9306000.0,1.0,0,17.3
315,101138000.0,60,74,33.0,3708000.0,1.0,1,14.69
316,85037000.0,48,71,38.0,6957000.0,1.0,0,18.6
317,52030000.0,60,62,2.0,10137000.0,0.0,1,16.77
318,24929000.0,48,50,7.0,6255000.0,0.0,1,18.2
319,22990000.0,24,34,22.0,4279000.0,1.0,0,19.48
320,33778000.0,36,23,13.0,8305000.0,0.0,1,17.41
321,68161000.0,48,21,26.0,10114000.0,1.0,0,20.67
322,87179000.0,12,37,28.0,1976000.0,1.0,0,19.87
323,80923000.0,12,65,38.0,9612000.0,1.0,0,17.1
324,37192000.0,48,64,38.0,10092000.0,1.0,0,17.73
325,114810000.0,48,44,0.0,6238000.0,1.0,1,16.46
326,89858000.0,48,32,16.0,11821000.0,0.0,1,15.57
327,68751000.0,12,23,40.0,9718000.0,0.0,0,21.56
328,75348000.0,12,64,29.0,9578000.0,1.0,1,11.95
329,53254000.0,48,31,12.0,9302000.0,0.0,0,22.61
330,33489000.0,60,28,20.0,2912000.0,0.0,1,20.0
331,45937000.0,60,56,18.0,3624000.0,1.0,0,20.72
332,92152000.0,24,26,18.0,6265000.0,1.0,0,20.14
333,6655000.0,36,43,24.0,4125000.0,1.0,0,21.33
334,18348000.0,60,33,21.0,5743000.0,0.0,0,23.62
335,10290000.0,12,22,30.0,10807000.0,0.0,1,16.46
336,9684000.0,60,74,16.0,10120000.0,0.0,1,17.82
337,103378000.0,24,69,22.0,8041000.0,1.0,0,19.31
338,85921000.0,24,27,31.0,10482000.0,1.0,1,13.11
339,59530000.0,36,67,9.0,9686000.0,1.0,1,15.24
340,16251000.0,60,20,9.0,5890000.0,1.0,1,16.0
341,61536000.0,12,30,35.0,3451000.0,,0,19.66
342,59449000.0,12,60,7.0,6802000.0,1.0,1,15.32
343,24918000.0,48,66,19.0,9178000.0,0.0,1,16.12
344,54893000.0,12,47,31.0,5970000.0,1.0,1,11.63
345,50828000.0,36,71,13.0,8434000.0,,0,19.52
346,75823000.0,36,62,27.0,2309000.0,1.0,0,19.16
347,78036000.0,12,23,23.0,9304000.0,1.0,0,17.74
348,10210000.0,12,34,14.0,9996000.0,1.0,1,13.07
349,48080000.0,48,62,21.0,8863000.0,1.0,1,13.6
350,76974000.0,12,68,29.0,11650000.0,1.0,0,16.81
351,62861000.0,48,70,3.0,10145000.0,1.0,1,13.72
352,103496000.0,48,36,12.0,10963000.0,0.0,1,17.56
353,80750000.0,12,59,22.0,11289000.0,0.0,1,14.3
354,23737000.0,24,52,7.0,9874000.0,1.0,1,11.96
355,13115000.0,24,63,17.0,8515000.0,1.0,1,13.28
356,78878000.0,48,43,11.0,1361000.0,0.0,0,26.1
357,8049000.0,12,68,30.0,6284000.0,1.0,1,13.04
358,72364000.0,24,22,13.0,7411000.0,0.0,0,21.78
359,113126000.0,12,46,33.0,4553000.0,0.0,0,22.1
360,71180000.0,12,54,17.0,4704000.0,1.0,0,20.08
361,49640000.0,12,37,33.0,11584000.0,0.0,0,19.98
362,78978000.0,60,66,10.0,10841000.0,0.0,0,22.74
363,57699000.0,12,38,40.0,10386000.0,0.0,0,20.23
364,67746000.0,60,27,11.0,5644000.0,1.0,1,14.36
365,113268000.0,48,22,14.0,1447000.0,1.0,0,21.25
366,49402000.0,24,53,30.0,2158000.0,1.0,1,13.53
367,115537000.0,24,23,28.0,4641000.0,1.0,0,20.53
368,109115000.0,24,43,25.0,1468000.0,0.0,1,18.85
369,27516000.0,24,21,17.0,1484000.0,1.0,1,15.7
370,12977000.0,24,56,31.0,11108000.0,0.0,0,19.37
371,16589000.0,24,56,21.0,8856000.0,1.0,1,13.7
372,7096000.0,24,67,37.0,4606000.0,,1,14.53
373,15861000.0,48,52,16.0,2719000.0,1.0,1,16.42
374,83546000.0,12,18,22.0,6775000.0,,1,16.48
375,13187000.0,36,41,23.0,1357000.0,1.0,1,16.1
376,41682000.0,60,74,7.0,11341000.0,0.0,1,17.7
377,102161000.0,36,53,40.0,5739000.0,0.0,1,17.2
378,7676000.0,36,23,5.0,5605000.0,1.0,0,21.62
379,98664000.0,12,58,4.0,5479000.0,0.0,1,17.8
380,37413000.0,12,71,43.0,2042000.0,1.0,0,18.44
381,18589000.0,12,63,28.0,8130000.0,0.0,1,15.42
382,85125000.0,24,61,27.0,9143000.0,0.0,0,21.79
383,77328000.0,48,74,10.0,8535000.0,1.0,1,14.31
384,105909000.0,24,48,0.0,2781000.0,1.0,1,15.59
385,89533000.0,48,37,42.0,7494000.0,1.0,0,18.47
386,97400000.0,48,41,,7393000.0,1.0,0,20.83
387,37434000.0,36,42,8.0,10592000.0,1.0,1,13.83
388,25406000.0,36,53,,5357000.0,0.0,1,17.19
389,91321000.0,48,38,33.0,5275000.0,1.0,1,14.43
390,97786000.0,48,47,43.0,7918000.0,1.0,0,18.35
391,118908000.0,24,41,3.0,8074000.0,1.0,1,12.87
392,52451000.0,24,61,35.0,6321000.0,1.0,1,13.58
393,47782000.0,36,59,17.0,6041000.0,1.0,0,20.37
394,94287000.0,12,47,14.0,6587000.0,1.0,0,19.36
395,44192000.0,48,39,12.0,10513000.0,1.0,1,14.72
396,112037000.0,24,45,18.0,6234000.0,0.0,0,23.74
397,103717000.0,36,24,5.0,11357000.0,0.0,0,23.01
398,54334000.0,24,52,11.0,6693000.0,1.0,1,13.67
399,91350000.0,48,72,36.0,11456000.0,0.0,0,20.19
400,91772000.0,48,45,16.0,10211000.0,1.0,1,14.61
401,16859000.0,60,31,22.0,5178000.0,1.0,0,19.22
402,108794000.0,12,73,25.0,10541000.0,1.0,1,11.88
403,63104000.0,60,27,28.0,2478000.0,0.0,1,19.23
404,100043000.0,36,33,32.0,11198000.0,0.0,0,19.4
405,41806000.0,24,33,26.0,8059000.0,1.0,1,13.23
406,107985000.0,36,71,24.0,1882000.0,1.0,0,21.64
407,49758000.0,48,48,9.0,8194000.0,1.0,1,13.55
408,6246000.0,60,59,22.0,11724000.0,1.0,1,14.59
409,109119000.0,60,42,20.0,2047000.0,1.0,1,15.48
410,15498000.0,60,30,20.0,7235000.0,1.0,1,15.19
411,41721000.0,36,23,42.0,9301000.0,1.0,0,17.5
412,114257000.0,48,61,12.0,9970000.0,0.0,1,17.28
413,114320000.0,24,26,36.0,5728000.0,1.0,0,17.61
414,70945000.0,24,62,32.0,3485000.0,1.0,0,20.56
415,77661000.0,36,53,23.0,1753000.0,1.0,1,15.73
416,56571000.0,60,73,43.0,7503000.0,0.0,0,23.27
417,38719000.0,12,60,10.0,6146000.0,1.0,1,13.21
418,42796000.0,36,37,16.0,11452000.0,1.0,0,18.34
419,82340000.0,36,35,3.0,1948000.0,1.0,1,16.78
420,91523000.0,48,75,24.0,8634000.0,0.0,0,22.46
421,96032000.0,24,60,29.0,1567000.0,1.0,0,20.84
422,95806000.0,36,74,8.0,3134000.0,1.0,1,15.8
423,15489000.0,36,38,20.0,6153000.0,0.0,1,19.23
424,61858000.0,60,21,19.0,6167000.0,1.0,1,15.14
425,11619000.0,60,67,18.0,8637000.0,1.0,0,17.62
426,68196000.0,12,50,18.0,11039000.0,1.0,0,17.84
427,55776000.0,48,44,,8138000.0,1.0,1,15.65
428,107086000.0,12,24,36.0,11503000.0,0.0,1,13.51
429,45355000.0,60,23,41.0,10733000.0,0.0,0,20.33
430,18463000.0,24,32,16.0,7554000.0,1.0,1,13.12
431,21444000.0,60,35,36.0,10222000.0,0.0,1,15.21
432,92574000.0,48,49,38.0,8176000.0,0.0,1,15.82
433,76095000.0,60,73,27.0,2141000.0,0.0,1,19.77
434,16629000.0,48,28,40.0,9224000.0,0.0,1,16.99
435,14672000.0,48,37,34.0,2316000.0,1.0,0,18.57
436,85611000.0,48,41,17.0,7657000.0,0.0,0,22.82
437,13368000.0,48,32,13.0,8818000.0,1.0,1,14.56
438,99514000.0,48,65,34.0,2012000.0,0.0,1,18.46
439,86218000.0,24,24,,3770000.0,1.0,1,14.83
440,14355000.0,12,38,40.0,11098000.0,0.0,0,18.02
441,14756000.0,36,59,6.0,7895000.0,1.0,1,12.58
442,118464000.0,12,43,40.0,3935000.0,1.0,1,14.73
443,48041000.0,48,61,12.0,8690000.0,0.0,0,23.72
444,47624000.0,24,73,17.0,7686000.0,1.0,0,18.74
445,98472000.0,60,31,36.0,6667000.0,0.0,1,17.28
446,113934000.0,24,74,12.0,11745000.0,1.0,1,12.97
447,118390000.0,48,54,35.0,8613000.0,0.0,0,21.28
448,91638000.0,24,75,30.0,5317000.0,1.0,1,13.74
449,48270000.0,24,38,1.0,9861000.0,0.0,1,17.49
450,14603000.0,48,35,15.0,10765000.0,1.0,1,15.22
451,94372000.0,24,22,8.0,2640000.0,0.0,0,25.22
452,69216000.0,36,20,8.0,3446000.0,0.0,1,20.46
453,53786000.0,36,40,37.0,3614000.0,1.0,0,18.5
454,109231000.0,24,43,10.0,8696000.0,1.0,1,13.53
455,17788000.0,60,54,21.0,7753000.0,0.0,0,23.41
456,61652000.0,48,41,32.0,7923000.0,0.0,1,15.11
457,6306000.0,36,66,35.0,11366000.0,0.0,0,21.52
458,58896000.0,60,36,44.0,9602000.0,0.0,1,16.29
459,11475000.0,24,68,22.0,2669000.0,0.0,1,17.81
460,18664000.0,60,42,44.0,5018000.0,1.0,0,19.31
461,18516000.0,12,38,44.0,5959000.0,0.0,1,16.44
462,79659000.0,36,29,33.0,5537000.0,0.0,0,21.8
463,90795000.0,24,74,8.0,8462000.0,1.0,0,20.54
464,72087000.0,48,58,23.0,10843000.0,1.0,1,12.91
465,115650000.0,24,50,7.0,4575000.0,0.0,0,24.53
466,48110000.0,48,67,6.0,7205000.0,0.0,1,18.49
467,37857000.0,24,70,35.0,9747000.0,1.0,1,13.78
468,104889000.0,60,21,17.0,5754000.0,0.0,1,17.84
469,30714000.0,60,59,2.0,3099000.0,1.0,0,22.09
470,115771000.0,60,74,27.0,6382000.0,0.0,1,16.56
471,6398000.0,12,24,5.0,1891000.0,1.0,1,14.92
472,116536000.0,48,39,43.0,11384000.0,0.0,0,21.02
473,9963000.0,60,72,43.0,2101000.0,1.0,1,16.17
474,107481000.0,12,50,20.0,5991000.0,1.0,0,19.82
475,65686000.0,48,34,27.0,6970000.0,1.0,1,14.02
476,119191000.0,24,41,39.0,11843000.0,0.0,0,19.11
477,13487000.0,12,51,0.0,3076000.0,0.0,1,19.66
478,68693000.0,36,45,35.0,2524000.0,0.0,1,16.96
479,116470000.0,12,75,20.0,1393000.0,0.0,0,22.66
480,65156000.0,12,60,42.0,2965000.0,0.0,0,21.7
481,77381000.0,48,58,34.0,3518000.0,1.0,1,13.02
482,85011000.0,24,56,12.0,8047000.0,1.0,1,12.78
483,57272000.0,36,39,9.0,3651000.0,1.0,0,22.75
484,77169000.0,60,66,43.0,1520000.0,1.0,0,19.31
485,72196000.0,60,34,9.0,10145000.0,1.0,1,13.57
486,108633000.0,12,51,12.0,5212000.0,0.0,1,17.63
487,10226000.0,48,23,36.0,5085000.0,1.0,1,14.15
488,37311000.0,48,63,37.0,4537000.0,0.0,1,17.17
489,114297000.0,60,23,23.0,11736000.0,1.0,0,17.1
490,107380000.0,36,51,1.0,3120000.0,1.0,1,17.06
491,57401000.0,24,18,21.0,10911000.0,1.0,1,12.13
492,76315000.0,36,27,16.0,9612000.0,1.0,0,20.01
493,36899000.0,24,38,35.0,2118000.0,0.0,1,16.97
494,26634000.0,60,22,13.0,11858000.0,1.0,1,14.55
495,58325000.0,24,19,9.0,4204000.0,1.0,0,21.76
496,45636000.0,48,39,34.0,2355000.0,1.0,1,14.62
497,72120000.0,12,65,24.0,10174000.0,1.0,0,18.37
498,13939000.0,12,74,2.0,8861000.0,0.0,1,16.02
499,117055000.0,60,19,37.0,7904000.0,0.0,1,16.92
500,118414000.0,48,27,16.0,2969000.0,0.0,0,25.57
501,85289000.0,36,51,11.0,6420000.0,0.0,0,23.91
502,66651000.0,48,33,23.0,9652000.0,1.0,1,15.39
503,40596000.0,12,65,28.0,4549000.0,1.0,1,14.07
504,98586000.0,12,68,42.0,4635000.0,1.0,1,12.46
505,83744000.0,48,56,24.0,1334000.0,1.0,1,18.17
506,23701000.0,48,39,35.0,3164000.0,1.0,1,16.0
507,109757000.0,12,29,25.0,10667000.0,1.0,1,10.68
508,99592000.0,36,41,37.0,6027000.0,0.0,1,15.92
509,114227000.0,60,64,0.0,11831000.0,1.0,0,19.22
510,88458000.0,60,57,19.0,5534000.0,0.0,1,19.02
511,75543000.0,48,55,27.0,8952000.0,0.0,1,17.09
512,53098000.0,60,27,15.0,4317000.0,,1,16.36
513,112264000.0,12,52,16.0,5193000.0,0.0,1,16.04
514,104597000.0,12,68,39.0,3341000.0,0.0,1,16.01
515,10200000.0,48,66,27.0,5014000.0,0.0,1,17.7
516,8032000.0,48,49,11.0,7155000.0,0.0,0,22.18
517,48293000.0,48,24,26.0,11912000.0,1.0,0,17.41
518,98214000.0,36,38,41.0,8407000.0,0.0,1,16.68
519,118537000.0,60,37,29.0,3432000.0,0.0,0,22.79
520,22298000.0,48,43,40.0,1781000.0,1.0,0,21.47
521,73325000.0,24,21,33.0,2652000.0,1.0,0,20.62
522,48802000.0,24,63,36.0,7319000.0,,1,12.43
523,116540000.0,12,69,5.0,9487000.0,0.0,1,16.19
524,101844000.0,60,39,6.0,11362000.0,1.0,1,15.0
525,101408000.0,48,32,31.0,1469000.0,1.0,1,14.81
526,58900000.0,24,73,31.0,6894000.0,1.0,0,18.0
527,52704000.0,60,57,24.0,6338000.0,1.0,1,14.74
528,36442000.0,12,38,32.0,8320000.0,1.0,1,10.54
529,11483000.0,36,32,6.0,7287000.0,0.0,1,16.87
530,104443000.0,60,39,11.0,8651000.0,1.0,0,20.09
531,98484000.0,60,69,15.0,8341000.0,1.0,0,20.58
532,119968000.0,36,45,15.0,2552000.0,1.0,0,20.57
533,119613000.0,60,31,42.0,9857000.0,0.0,1,15.66
534,68875000.0,12,44,35.0,2619000.0,0.0,1,15.68
535,93434000.0,12,58,12.0,8774000.0,0.0,1,17.25
536,113648000.0,36,57,6.0,5753000.0,0.0,1,18.67
537,102709000.0,48,75,35.0,6798000.0,0.0,1,17.05
538,33445000.0,24,45,8.0,10965000.0,1.0,1,13.64
539,56813000.0,48,43,31.0,10822000.0,1.0,0,18.2
540,19853000.0,60,66,10.0,10051000.0,1.0,0,19.6
541,114716000.0,24,19,,6759000.0,1.0,1,15.48
542,74710000.0,36,42,32.0,9178000.0,1.0,0,18.33
543,31294000.0,36,73,22.0,6788000.0,0.0,1,17.09
544,82246000.0,24,20,24.0,10605000.0,0.0,1,15.59
545,76085000.0,12,25,7.0,5610000.0,0.0,1,17.73
546,46189000.0,24,61,44.0,11682000.0,1.0,1,10.73
547,18059000.0,60,50,21.0,11276000.0,1.0,1,13.81
548,82231000.0,12,59,3.0,9235000.0,0.0,1,16.16
549,64835000.0,36,69,39.0,4290000.0,1.0,0,18.56
550,93817000.0,24,52,2.0,2709000.0,1.0,0,22.03
551,64819000.0,48,23,28.0,10445000.0,1.0,0,18.31
552,103001000.0,48,56,40.0,3069000.0,1.0,1,15.2
553,68469000.0,60,69,28.0,10441000.0,1.0,0,19.11
554,69508000.0,48,40,33.0,6551000.0,0.0,0,22.05
555,105815000.0,24,42,,5650000.0,1.0,0,19.31
556,51401000.0,24,67,27.0,10964000.0,0.0,1,16.27
557,20412000.0,48,60,12.0,7761000.0,1.0,1,15.05
558,8310000.0,24,36,14.0,7470000.0,1.0,1,14.47
559,91841000.0,60,22,22.0,7279000.0,0.0,1,17.66
560,76336000.0,12,68,43.0,5272000.0,1.0,1,13.29
561,85969000.0,60,28,25.0,9706000.0,1.0,1,13.22
562,29491000.0,60,73,3.0,4005000.0,0.0,1,20.19
563,20683000.0,24,29,25.0,11346000.0,1.0,1,14.17
564,6673000.0,12,27,39.0,10866000.0,0.0,0,20.19
565,45318000.0,24,25,8.0,4911000.0,,1,14.73
566,72841000.0,36,41,4.0,9105000.0,1.0,0,19.57
567,50108000.0,24,45,31.0,7433000.0,1.0,1,12.87
568,55310000.0,24,58,19.0,4913000.0,1.0,1,15.09
569,108978000.0,24,53,10.0,11877000.0,1.0,0,18.47
570,45049000.0,12,54,14.0,1570000.0,1.0,0,20.33
571,64109000.0,24,38,31.0,4003000.0,0.0,1,16.64
572,95120000.0,12,25,27.0,6865000.0,1.0,0,18.6
573,50602000.0,48,72,21.0,6885000.0,0.0,1,17.65
574,76540000.0,36,26,40.0,7602000.0,1.0,1,13.06
575,104172000.0,12,64,16.0,9343000.0,0.0,1,16.83
576,114195000.0,48,32,25.0,7971000.0,0.0,1,19.23
577,21913000.0,12,65,43.0,7723000.0,1.0,1,10.59
578,111558000.0,12,63,6.0,1873000.0,0.0,1,19.49
579,61593000.0,36,57,41.0,5329000.0,0.0,1,16.6
580,34698000.0,60,35,25.0,3783000.0,0.0,1,17.19
581,57801000.0,60,59,24.0,4139000.0,0.0,1,19.62
582,117704000.0,12,37,9.0,7231000.0,0.0,1,17.49
583,61651000.0,24,23,44.0,3435000.0,0.0,0,22.69
584,42806000.0,48,29,18.0,4445000.0,1.0,1,13.97
585,77841000.0,24,19,10.0,3837000.0,0.0,1,18.29
586,32617000.0,24,24,12.0,11449000.0,1.0,0,17.5
587,13724000.0,12,33,7.0,11408000.0,0.0,0,23.25
588,19821000.0,12,20,39.0,7826000.0,1.0,1,12.89
589,19725000.0,12,62,3.0,11192000.0,1.0,0,18.08
590,22469000.0,12,20,30.0,9708000.0,0.0,0,19.42
591,20965000.0,60,44,27.0,7612000.0,1.0,1,14.35
592,78701000.0,12,67,10.0,1369000.0,1.0,1,16.52
593,25916000.0,60,60,42.0,9566000.0,1.0,0,16.82
594,44752000.0,60,57,0.0,8817000.0,1.0,1,14.71
595,108131000.0,12,55,37.0,7883000.0,0.0,1,14.39
596,59506000.0,36,50,23.0,9437000.0,1.0,1,13.86
597,81769000.0,48,45,30.0,6788000.0,1.0,0,19.11
598,24817000.0,24,18,40.0,8834000.0,1.0,1,11.71
599,27113000.0,60,72,25.0,11306000.0,0.0,1,16.55
600,9700000.0,48,25,4.0,5321000.0,1.0,1,15.2
601,24428000.0,36,54,19.0,8877000.0,1.0,1,12.42
602,37038000.0,24,49,40.0,6390000.0,0.0,1,17.0
603,25356000.0,24,65,10.0,8516000.0,0.0,0,23.74
604,15201000.0,60,60,32.0,9463000.0,0.0,1,16.68
605,18873000.0,12,54,37.0,1786000.0,,0,19.61
606,57990000.0,36,21,26.0,8219000.0,1.0,1,14.36
607,28728000.0,60,47,33.0,3726000.0,1.0,1,15.13
608,46891000.0,36,23,14.0,8469000.0,1.0,0,19.16
609,62893000.0,12,63,31.0,6311000.0,1.0,1,12.94
610,84395000.0,12,71,20.0,9577000.0,0.0,0,22.4
611,9521000.0,60,36,4.0,2620000.0,1.0,0,22.62
612,96932000.0,12,49,5.0,8002000.0,1.0,1,13.42
613,77209000.0,48,26,37.0,4280000.0,1.0,0,19.85
614,14402000.0,24,29,21.0,10427000.0,1.0,1,13.16
615,105462000.0,60,28,17.0,11234000.0,1.0,0,19.64
616,110900000.0,36,63,13.0,11961000.0,1.0,1,13.45
617,12024000.0,48,72,9.0,9817000.0,1.0,1,13.59
618,36841000.0,60,33,12.0,9365000.0,1.0,1,15.19
619,97713000.0,12,18,30.0,3606000.0,1.0,1,13.8
620,91050000.0,12,62,29.0,4895000.0,0.0,1,16.08
621,26220000.0,12,72,2.0,6283000.0,0.0,0,23.96
622,29075000.0,12,70,29.0,9575000.0,0.0,0,20.38
623,47604000.0,36,38,5.0,11090000.0,1.0,1,12.49
624,60720000.0,48,47,28.0,3324000.0,0.0,0,22.96
625,76099000.0,24,30,7.0,11169000.0,0.0,1,16.3
626,47425000.0,36,51,43.0,8743000.0,0.0,0,21.34
627,58191000.0,36,21,44.0,7835000.0,0.0,1,14.9
628,90959000.0,24,45,42.0,3438000.0,1.0,1,13.28
629,9219000.0,24,55,43.0,1894000.0,0.0,0,21.6
630,34030000.0,12,75,32.0,7383000.0,1.0,1,13.31
631,87035000.0,36,48,16.0,8271000.0,1.0,0,20.81
632,107949000.0,60,72,10.0,3555000.0,1.0,1,17.72
633,63843000.0,24,44,12.0,7254000.0,0.0,0,23.6
634,66193000.0,24,22,10.0,10464000.0,1.0,1,13.97
635,17325000.0,48,42,30.0,10235000.0,1.0,1,11.21
636,56452000.0,60,20,27.0,11223000.0,1.0,0,18.75
637,66251000.0,60,50,43.0,5215000.0,1.0,0,19.06
638,32884000.0,24,21,5.0,4703000.0,0.0,1,19.21
639,35963000.0,12,42,40.0,9319000.0,0.0,0,18.13
640,48388000.0,48,37,15.0,5913000.0,0.0,1,18.42
641,7308000.0,60,51,3.0,2237000.0,1.0,1,17.08
642,42039000.0,24,43,34.0,4326000.0,0.0,0,23.28
643,29317000.0,60,22,25.0,5779000.0,0.0,1,19.3
644,42662000.0,48,52,11.0,4430000.0,1.0,1,15.01
645,18773000.0,48,45,10.0,4855000.0,0.0,1,18.18
646,107411000.0,36,46,36.0,4443000.0,0.0,1,17.27
647,73263000.0,24,26,24.0,1744000.0,1.0,0,21.94
648,83097000.0,48,69,17.0,8117000.0,0.0,0,23.03
649,95755000.0,36,55,18.0,7691000.0,1.0,1,12.97
650,62321000.0,36,67,22.0,8291000.0,1.0,1,13.09
651,14996000.0,60,23,37.0,3358000.0,1.0,0,20.53
652,66767000.0,60,36,,4464000.0,1.0,1,15.93
653,72487000.0,36,61,25.0,7930000.0,1.0,1,12.94
654,90726000.0,60,74,5.0,7716000.0,1.0,0,20.48
655,54641000.0,48,28,3.0,6718000.0,1.0,1,14.76
656,19672000.0,12,19,43.0,5049000.0,1.0,0,18.98
657,37634000.0,48,64,,11068000.0,1.0,1,12.07
658,46754000.0,36,61,33.0,4936000.0,1.0,0,19.05
659,79280000.0,36,61,16.0,6175000.0,1.0,1,14.17
660,70640000.0,48,26,42.0,8556000.0,0.0,0,20.07
661,45951000.0,60,38,42.0,7110000.0,0.0,1,15.96
662,118449000.0,60,41,15.0,5012000.0,0.0,1,19.88
663,74664000.0,36,51,1.0,5961000.0,1.0,0,20.06
664,32281000.0,24,39,33.0,9801000.0,1.0,1,11.33
665,16705000.0,60,20,7.0,4276000.0,1.0,1,15.33
666,22579000.0,48,29,12.0,2822000.0,0.0,0,24.8
667,33285000.0,60,45,41.0,4651000.0,1.0,1,15.75
668,23478000.0,48,47,7.0,10390000.0,0.0,0,22.8
669,26455000.0,36,43,29.0,2252000.0,0.0,1,18.22
670,37786000.0,60,65,31.0,11911000.0,1.0,1,12.03
671,24938000.0,48,38,35.0,7089000.0,1.0,1,13.46
672,108128000.0,36,45,29.0,11838000.0,1.0,0,18.57
673,14227000.0,24,73,0.0,11347000.0,1.0,1,13.73
674,65319000.0,48,43,42.0,6145000.0,0.0,1,18.28
675,52196000.0,24,50,38.0,3424000.0,1.0,1,14.72
676,117974000.0,24,38,16.0,3064000.0,1.0,1,15.07
677,17884000.0,12,52,19.0,3868000.0,0.0,1,17.47
678,50753000.0,60,69,23.0,8898000.0,1.0,0,20.86
679,116489000.0,48,51,21.0,4221000.0,1.0,0,20.82
680,104533000.0,24,58,28.0,4953000.0,1.0,0,20.48
681,98963000.0,12,68,21.0,6102000.0,1.0,0,20.67
682,34659000.0,36,64,43.0,11072000.0,1.0,0,16.82
683,24652000.0,48,35,8.0,3327000.0,0.0,0,25.24
684,81894000.0,24,75,36.0,1354000.0,1.0,0,20.74
685,111878000.0,60,28,9.0,1943000.0,0.0,0,26.29
686,69028000.0,12,74,35.0,10981000.0,0.0,0,20.57
687,70735000.0,24,40,36.0,8228000.0,0.0,0,20.02
688,37198000.0,60,65,27.0,4222000.0,1.0,0,20.03
689,93492000.0,24,39,27.0,3196000.0,1.0,1,14.04
690,26510000.0,48,34,41.0,4449000.0,0.0,1,18.12
691,42223000.0,48,22,42.0,2528000.0,1.0,0,18.97
692,53925000.0,48,61,20.0,11374000.0,1.0,1,14.35
693,63375000.0,12,28,23.0,9691000.0,0.0,0,21.7
694,32877000.0,48,47,41.0,6248000.0,0.0,0,23.03
695,18206000.0,60,32,39.0,10555000.0,1.0,0,17.35
696,75221000.0,24,44,1.0,3969000.0,0.0,1,19.03
697,38193000.0,36,52,7.0,8973000.0,1.0,1,14.51
698,71842000.0,60,50,26.0,10461000.0,0.0,0,22.31
699,22752000.0,60,37,21.0,5117000.0,1.0,0,21.04
700,60331000.0,48,33,36.0,9405000.0,1.0,1,12.54
701,66248000.0,12,51,26.0,4457000.0,1.0,0,19.37
702,10960000.0,24,19,28.0,4498000.0,1.0,0,20.32
703,43709000.0,12,52,2.0,2446000.0,1.0,1,14.87
704,20458000.0,24,57,43.0,6009000.0,1.0,1,13.87
705,12288000.0,24,73,12.0,9108000.0,1.0,1,14.35
706,118845000.0,12,45,,11360000.0,0.0,1,13.04
707,42071000.0,60,64,9.0,7761000.0,1.0,0,21.04
708,98136000.0,24,56,35.0,10536000.0,0.0,0,21.18
709,34284000.0,12,23,8.0,10101000.0,1.0,1,12.16
710,83373000.0,24,26,26.0,3155000.0,0.0,0,23.25
711,92426000.0,36,37,33.0,6498000.0,1.0,1,13.39
712,73498000.0,60,18,0.0,2551000.0,0.0,1,20.02
713,59231000.0,48,25,31.0,8599000.0,1.0,1,13.37
714,52362000.0,24,72,24.0,11464000.0,1.0,0,17.16
715,45120000.0,36,40,28.0,2767000.0,1.0,1,15.97
716,111896000.0,48,20,6.0,9153000.0,1.0,1,14.13
717,100521000.0,48,21,2.0,8065000.0,0.0,1,19.03
718,115978000.0,24,75,19.0,7545000.0,1.0,0,17.79
719,19294000.0,12,42,19.0,5474000.0,1.0,0,19.25
720,89050000.0,24,64,29.0,5100000.0,0.0,0,22.46
721,112909000.0,36,55,34.0,1784000.0,1.0,0,20.15
722,25842000.0,48,32,34.0,3632000.0,0.0,0,22.99
723,12647000.0,24,38,38.0,1462000.0,0.0,1,16.97
724,90229000.0,12,52,26.0,7521000.0,1.0,1,13.45
725,71064000.0,24,74,25.0,2433000.0,0.0,0,24.29
726,101810000.0,60,70,13.0,10641000.0,1.0,1,14.06
727,21074000.0,12,70,16.0,6898000.0,1.0,0,18.25
728,96456000.0,36,63,17.0,8787000.0,0.0,1,18.36
729,28187000.0,48,69,44.0,5696000.0,1.0,1,12.69
730,23820000.0,24,31,28.0,7298000.0,0.0,1,15.18
731,23891000.0,12,53,19.0,11386000.0,1.0,1,10.49
732,98676000.0,60,29,26.0,2185000.0,0.0,0,24.66
733,81498000.0,12,34,17.0,4017000.0,0.0,0,22.96
734,65153000.0,60,56,3.0,9646000.0,1.0,1,15.85
735,46266000.0,36,26,0.0,2356000.0,1.0,1,17.16
736,105878000.0,48,52,0.0,2110000.0,1.0,0,22.84
737,50131000.0,36,30,25.0,5168000.0,1.0,0,19.61
738,98909000.0,24,32,44.0,2286000.0,1.0,1,14.58
739,55501000.0,12,35,19.0,7560000.0,1.0,0,20.25
740,48349000.0,60,68,22.0,3721000.0,1.0,1,16.47
741,58208000.0,60,50,9.0,10884000.0,0.0,1,17.12
742,39658000.0,12,23,10.0,9683000.0,1.0,0,19.28
743,90975000.0,12,44,40.0,8787000.0,1.0,0,16.8
744,62813000.0,24,40,40.0,7901000.0,0.0,1,14.57
745,31704000.0,36,44,,10539000.0,1.0,1,13.26
746,108451000.0,60,51,0.0,3687000.0,1.0,1,16.71
747,49147000.0,24,73,16.0,10642000.0,1.0,0,18.45
748,67509000.0,36,63,21.0,9748000.0,1.0,0,20.34
749,109244000.0,24,55,33.0,9305000.0,0.0,1,14.74
750,76787000.0,60,31,44.0,7305000.0,0.0,1,17.53
751,18443000.0,12,53,40.0,3935000.0,0.0,0,21.53
752,113081000.0,12,70,28.0,5832000.0,1.0,1,11.62
753,77186000.0,36,25,3.0,9791000.0,0.0,0,22.56
754,43514000.0,48,52,4.0,1640000.0,1.0,0,23.45
755,21016000.0,36,36,10.0,9668000.0,0.0,0,22.86
756,96313000.0,48,47,20.0,3869000.0,0.0,0,24.4
757,76308000.0,24,31,34.0,2844000.0,1.0,1,15.19
758,66348000.0,24,37,11.0,2538000.0,1.0,1,14.77
759,107798000.0,60,66,25.0,1592000.0,0.0,1,18.48
760,95689000.0,48,42,18.0,6902000.0,1.0,1,12.78
761,22443000.0,60,57,44.0,3635000.0,1.0,0,20.57
762,40848000.0,12,41,6.0,11887000.0,0.0,0,21.88
763,33576000.0,48,31,6.0,7446000.0,0.0,0,24.43
764,90554000.0,36,43,25.0,2775000.0,1.0,0,19.6
765,8856000.0,12,55,39.0,8670000.0,1.0,1,10.44
766,70537000.0,12,40,4.0,10906000.0,0.0,1,15.29
767,92683000.0,36,39,20.0,9273000.0,1.0,1,12.66
768,105828000.0,12,65,13.0,2118000.0,1.0,0,21.99
769,44339000.0,48,74,3.0,10886000.0,1.0,0,20.59
770,99445000.0,60,36,22.0,9795000.0,1.0,1,13.47
771,17723000.0,12,63,41.0,2994000.0,1.0,0,19.04
772,102342000.0,48,68,19.0,1854000.0,1.0,1,15.5
773,19661000.0,24,20,14.0,7263000.0,1.0,1,14.29
774,50688000.0,48,59,44.0,2970000.0,1.0,0,18.8
775,96689000.0,60,36,28.0,10230000.0,1.0,1,13.95
776,22241000.0,48,26,7.0,5134000.0,1.0,1,15.1
777,31364000.0,36,45,40.0,11068000.0,0.0,0,21.0
778,88059000.0,60,37,18.0,7353000.0,1.0,1,14.47
779,87804000.0,24,62,38.0,3255000.0,1.0,0,18.63
780,78732000.0,36,24,27.0,2794000.0,1.0,0,21.71
781,84804000.0,48,31,26.0,7468000.0,1.0,1,14.08
782,67413000.0,60,26,3.0,9452000.0,1.0,1,14.83
783,33957000.0,24,72,14.0,9662000.0,0.0,0,22.59
784,44755000.0,36,74,34.0,4251000.0,1.0,0,18.49
785,25884000.0,24,36,36.0,3485000.0,1.0,1,14.7
786,109472000.0,48,64,0.0,1479000.0,0.0,1,20.38
787,72090000.0,24,69,2.0,8567000.0,0.0,1,18.01
788,51098000.0,12,31,23.0,2119000.0,1.0,0,18.91
789,58131000.0,36,73,26.0,5802000.0,0.0,1,16.97
790,113938000.0,24,55,39.0,7738000.0,0.0,0,21.06
791,22635000.0,48,70,35.0,11327000.0,1.0,1,13.07
792,72416000.0,48,53,,4636000.0,1.0,0,20.41
793,63177000.0,24,57,28.0,3973000.0,1.0,1,13.83
794,75317000.0,48,34,23.0,8300000.0,1.0,0,19.62
795,7083000.0,60,47,23.0,7926000.0,0.0,1,18.55
796,105294000.0,60,26,41.0,4854000.0,1.0,0,19.52
797,112194000.0,60,50,3.0,11231000.0,1.0,0,19.8
798,69990000.0,12,73,2.0,10340000.0,1.0,1,11.93
799,85115000.0,24,69,33.0,3697000.0,1.0,1,13.71
800,111087000.0,12,42,22.0,3859000.0,1.0,1,12.79
801,86332000.0,48,31,22.0,6782000.0,1.0,0,19.79
802,22542000.0,12,28,44.0,9577000.0,1.0,1,11.94
803,71273000.0,48,70,4.0,1771000.0,1.0,1,15.27
804,74772000.0,48,52,30.0,8719000.0,1.0,0,19.81
805,53775000.0,36,58,40.0,8236000.0,1.0,0,17.75
806,89691000.0,60,31,5.0,3777000.0,1.0,1,16.65
807,112452000.0,48,47,36.0,8590000.0,1.0,1,12.6
808,111440000.0,36,58,9.0,11360000.0,1.0,1,12.06
809,56847000.0,60,21,39.0,1801000.0,1.0,1,14.59
810,18022000.0,48,21,6.0,4720000.0,1.0,1,17.64
811,118257000.0,48,45,38.0,5988000.0,1.0,0,18.29
812,101473000.0,12,25,37.0,10922000.0,1.0,1,9.89
813,19336000.0,12,19,20.0,11596000.0,1.0,1,12.09
814,110897000.0,60,58,19.0,6052000.0,1.0,0,20.58
815,105038000.0,48,63,2.0,9325000.0,1.0,1,14.56
816,64666000.0,24,39,21.0,6989000.0,1.0,0,19.17
817,72997000.0,12,58,3.0,7054000.0,1.0,1,14.88
818,50885000.0,60,73,27.0,4276000.0,1.0,0,20.23
819,11298000.0,48,72,11.0,3621000.0,1.0,0,21.65
820,43548000.0,48,33,37.0,4382000.0,0.0,0,23.72
821,97328000.0,24,46,35.0,7253000.0,1.0,1,11.95
822,5533000.0,60,66,40.0,1612000.0,1.0,0,18.86
823,43352000.0,48,65,4.0,11008000.0,1.0,1,14.73
824,50789000.0,12,47,12.0,2972000.0,1.0,1,17.05
825,66800000.0,24,29,22.0,3655000.0,1.0,1,14.6
826,110783000.0,60,52,29.0,6846000.0,1.0,0,19.97
827,44830000.0,24,28,36.0,8898000.0,1.0,1,11.95
828,44900000.0,12,63,24.0,2324000.0,1.0,0,21.29
829,89813000.0,60,67,26.0,4699000.0,1.0,1,15.07
830,57005000.0,24,38,13.0,11665000.0,0.0,0,21.29
831,30830000.0,36,38,35.0,4107000.0,1.0,1,14.78
832,57031000.0,12,22,38.0,4650000.0,1.0,1,12.6
833,21199000.0,12,65,15.0,10251000.0,1.0,1,11.66
834,25285000.0,12,37,21.0,1837000.0,1.0,1,15.55
835,62312000.0,36,54,20.0,6271000.0,1.0,0,19.33
836,53176000.0,36,20,20.0,5362000.0,0.0,0,22.49
837,110207000.0,48,61,7.0,4687000.0,1.0,1,17.59
838,46675000.0,24,50,15.0,4357000.0,0.0,1,17.87
839,71768000.0,48,70,30.0,2278000.0,1.0,0,21.15
840,77710000.0,24,26,41.0,4669000.0,1.0,1,13.18
841,6506000.0,36,26,9.0,1761000.0,1.0,1,15.6
842,81307000.0,36,21,31.0,9656000.0,1.0,1,13.17
843,25474000.0,48,52,33.0,5561000.0,0.0,0,23.04
844,115523000.0,60,34,8.0,6050000.0,0.0,0,23.98
845,22096000.0,48,51,,10861000.0,1.0,0,19.37
846,52682000.0,24,41,10.0,8341000.0,0.0,1,16.71
847,14815000.0,48,49,31.0,1386000.0,1.0,1,14.58
848,119641000.0,12,18,9.0,11392000.0,0.0,1,14.94
849,62752000.0,24,25,21.0,3837000.0,1.0,1,14.82
850,73469000.0,24,62,16.0,2451000.0,1.0,1,15.02
851,12714000.0,60,40,3.0,9519000.0,0.0,1,19.47
852,91245000.0,36,64,24.0,6655000.0,1.0,1,13.91
853,29139000.0,24,57,20.0,5941000.0,0.0,0,22.11
854,108276000.0,36,29,36.0,3970000.0,0.0,1,17.36
855,28591000.0,48,71,37.0,7158000.0,1.0,1,12.34
856,26929000.0,12,29,0.0,4236000.0,1.0,0,20.82
857,9203000.0,60,63,24.0,10947000.0,1.0,0,19.13
858,59288000.0,36,64,35.0,3603000.0,,0,23.06
859,69957000.0,24,32,16.0,10763000.0,1.0,1,13.87
860,12556000.0,36,58,40.0,7286000.0,0.0,1,18.07
861,94186000.0,24,36,,10165000.0,0.0,1,16.33
862,57128000.0,36,43,1.0,8927000.0,1.0,1,15.58
863,65305000.0,24,69,39.0,8755000.0,1.0,0,19.59
864,55688000.0,48,46,14.0,4771000.0,0.0,0,23.36
865,51088000.0,24,39,31.0,3803000.0,1.0,0,19.62
866,69359000.0,24,57,38.0,3556000.0,0.0,1,16.49
867,22853000.0,12,38,5.0,10472000.0,1.0,0,19.39
868,25922000.0,24,68,0.0,10079000.0,0.0,1,17.41
869,104105000.0,12,55,,6014000.0,0.0,1,16.08
870,113803000.0,60,37,38.0,2717000.0,1.0,1,15.01
871,47931000.0,12,74,16.0,5390000.0,1.0,0,20.42
872,36136000.0,48,46,33.0,7927000.0,1.0,1,12.34
873,79060000.0,12,68,40.0,6162000.0,0.0,1,14.97
874,52004000.0,60,21,28.0,9648000.0,0.0,0,21.47
875,7919000.0,48,72,8.0,11975000.0,1.0,1,13.93
876,22958000.0,36,24,12.0,3345000.0,0.0,1,19.85
877,87337000.0,36,45,5.0,6218000.0,1.0,0,19.11
878,80776000.0,12,45,5.0,5912000.0,0.0,1,17.86
879,8116000.0,12,21,19.0,4558000.0,1.0,0,18.91
880,30527000.0,60,39,,3420000.0,1.0,1,17.76
881,31574000.0,60,29,16.0,2003000.0,0.0,0,25.05
882,82268000.0,24,62,11.0,10792000.0,1.0,1,13.23
883,7267000.0,60,20,44.0,5792000.0,1.0,0,19.22
884,16972000.0,24,39,0.0,6617000.0,0.0,1,19.13
885,96990000.0,48,61,16.0,11111000.0,1.0,1,15.09
886,25533000.0,12,19,2.0,9606000.0,1.0,1,12.75
887,80066000.0,48,41,25.0,2696000.0,0.0,1,17.87
888,32391000.0,60,51,14.0,7350000.0,1.0,1,15.31
889,16436000.0,48,44,35.0,6032000.0,0.0,0,21.88
890,32965000.0,48,72,31.0,9830000.0,1.0,0,19.18
891,88061000.0,48,58,31.0,9049000.0,1.0,1,14.04
892,103405000.0,60,18,3.0,8687000.0,,0,20.38
893,100475000.0,48,25,17.0,4944000.0,1.0,0,20.13
894,50676000.0,24,40,18.0,9913000.0,1.0,1,12.75
895,81830000.0,60,55,42.0,1861000.0,1.0,0,20.6
896,28573000.0,48,23,34.0,3008000.0,0.0,0,23.75
897,38712000.0,60,39,39.0,4891000.0,1.0,1,12.49
898,108079000.0,36,42,13.0,2122000.0,0.0,1,18.39
899,6495000.0,24,35,32.0,3814000.0,1.0,1,13.63
900,14833000.0,48,34,13.0,10183000.0,1.0,1,13.27
901,28907000.0,36,29,33.0,11446000.0,0.0,1,12.87
902,8051000.0,36,23,3.0,4559000.0,0.0,1,17.52
903,25865000.0,60,43,23.0,4130000.0,1.0,0,19.94
904,72050000.0,36,44,28.0,4295000.0,1.0,0,19.82
905,53464000.0,24,25,18.0,4272000.0,1.0,1,14.31
906,107657000.0,24,36,5.0,1684000.0,1.0,1,15.71
907,99006000.0,12,59,32.0,11218000.0,1.0,1,12.01
908,44309000.0,24,18,39.0,3587000.0,1.0,0,19.74
909,34834000.0,36,74,,5794000.0,0.0,0,23.38
910,48665000.0,24,46,0.0,1404000.0,0.0,1,19.89
911,72884000.0,60,62,4.0,10480000.0,1.0,0,19.53
912,35827000.0,12,66,26.0,9123000.0,1.0,1,11.77
913,76777000.0,36,52,15.0,11430000.0,0.0,0,20.38
914,52082000.0,12,57,5.0,9663000.0,1.0,0,18.76
915,68485000.0,36,31,39.0,4657000.0,0.0,1,17.47
916,55155000.0,60,52,12.0,3952000.0,1.0,1,17.28
917,38864000.0,12,65,34.0,8766000.0,1.0,0,17.29
918,114072000.0,48,62,18.0,5196000.0,1.0,0,20.99
919,92815000.0,36,37,,7359000.0,1.0,1,12.23
920,21113000.0,48,73,15.0,1367000.0,,0,24.78
921,104874000.0,12,66,42.0,1962000.0,1.0,1,13.19
922,61055000.0,48,30,9.0,7028000.0,1.0,1,16.28
923,107874000.0,48,55,24.0,7357000.0,1.0,0,19.91
924,96983000.0,12,66,19.0,9341000.0,1.0,1,13.11
925,53900000.0,60,63,30.0,2712000.0,1.0,0,21.34
926,7584000.0,48,66,3.0,6791000.0,1.0,1,15.56
927,35898000.0,48,25,43.0,3381000.0,1.0,0,20.87
928,67288000.0,60,60,22.0,2297000.0,0.0,1,17.45
929,77850000.0,48,37,1.0,5692000.0,0.0,0,24.79
930,34657000.0,48,50,21.0,3048000.0,1.0,0,21.97
931,21026000.0,48,43,36.0,3673000.0,0.0,1,16.16
932,101017000.0,24,56,7.0,4698000.0,1.0,1,15.86
933,118206000.0,60,38,6.0,4075000.0,0.0,1,19.11
934,65454000.0,48,70,13.0,2237000.0,1.0,0,21.88
935,24743000.0,60,66,2.0,2262000.0,1.0,1,16.68
936,36315000.0,36,59,15.0,3368000.0,1.0,0,21.74
937,7115000.0,36,60,18.0,1841000.0,1.0,0,21.02
938,110144000.0,48,71,17.0,8003000.0,1.0,1,15.0
939,18541000.0,60,58,15.0,4374000.0,1.0,0,21.74
940,71299000.0,60,26,7.0,4293000.0,1.0,1,15.76
941,36516000.0,60,41,32.0,4852000.0,0.0,1,18.33
942,68730000.0,24,54,11.0,8392000.0,1.0,1,13.31
943,79913000.0,36,66,10.0,10616000.0,1.0,1,13.65
944,100420000.0,60,58,4.0,9422000.0,1.0,1,14.79
945,28738000.0,60,34,26.0,9085000.0,0.0,0,23.23
946,6265000.0,24,41,11.0,6483000.0,0.0,1,18.05
947,20742000.0,24,38,16.0,8724000.0,1.0,0,18.92
948,108502000.0,60,68,5.0,7215000.0,1.0,0,20.59
949,105497000.0,12,56,32.0,3614000.0,0.0,1,15.84
950,73703000.0,60,72,4.0,3532000.0,0.0,1,20.11
951,74059000.0,60,58,27.0,4471000.0,1.0,1,14.63
952,81479000.0,24,56,13.0,11046000.0,1.0,0,16.92
953,25168000.0,24,30,4.0,7157000.0,0.0,1,16.77
954,110157000.0,60,28,32.0,9153000.0,1.0,0,20.23
955,53159000.0,60,63,40.0,5008000.0,0.0,1,16.87
956,49061000.0,60,36,18.0,5663000.0,1.0,1,16.19
957,64676000.0,24,28,21.0,2644000.0,1.0,1,14.68
958,10401000.0,60,30,4.0,3133000.0,0.0,0,26.61
959,24123000.0,60,63,1.0,10153000.0,1.0,0,21.43
960,89874000.0,48,62,29.0,7558000.0,1.0,0,18.57
961,14522000.0,12,18,38.0,4912000.0,1.0,1,11.32
962,74362000.0,36,57,3.0,9891000.0,0.0,1,15.91
963,33215000.0,12,61,32.0,3938000.0,0.0,0,21.61
964,49769000.0,48,36,12.0,11744000.0,0.0,1,18.21
965,38200000.0,36,29,19.0,4990000.0,1.0,1,14.41
966,45902000.0,60,25,6.0,4909000.0,1.0,1,16.38
967,87690000.0,48,25,14.0,4637000.0,1.0,1,16.55
968,39169000.0,60,70,22.0,2607000.0,1.0,1,16.09
969,70137000.0,24,62,13.0,2489000.0,1.0,0,21.05
970,59746000.0,48,29,22.0,8235000.0,1.0,0,19.95
971,81322000.0,24,65,18.0,10664000.0,0.0,0,21.67
972,112735000.0,48,50,28.0,9759000.0,0.0,1,16.25
973,89246000.0,48,62,19.0,2810000.0,1.0,1,15.18
974,29718000.0,24,43,28.0,7138000.0,0.0,1,16.46
975,8586000.0,36,56,23.0,2430000.0,0.0,0,24.85
976,35160000.0,12,45,17.0,1785000.0,1.0,1,16.53
977,73434000.0,60,75,9.0,8323000.0,1.0,0,20.8
978,10914000.0,48,22,40.0,7026000.0,0.0,0,22.54
979,62082000.0,60,25,7.0,2178000.0,1.0,1,17.24
980,73637000.0,24,42,25.0,1674000.0,1.0,1,14.95
981,43438000.0,60,44,28.0,11890000.0,1.0,1,13.26
982,93655000.0,24,63,9.0,1621000.0,0.0,1,20.15
983,17259000.0,60,40,16.0,6056000.0,0.0,0,23.31
984,13641000.0,12,47,1.0,6699000.0,1.0,0,18.93
985,88742000.0,12,62,5.0,2555000.0,1.0,0,20.67
986,61982000.0,12,64,4.0,3109000.0,1.0,1,15.66
987,84166000.0,12,40,27.0,5064000.0,1.0,1,14.22
988,55005000.0,12,66,40.0,9450000.0,0.0,0,19.33
989,33336000.0,12,64,4.0,6726000.0,0.0,1,15.61
990,99197000.0,24,37,17.0,8126000.0,1.0,0,18.65
991,96933000.0,48,35,25.0,11841000.0,0.0,0,21.23
992,84890000.0,60,35,19.0,9518000.0,0.0,1,16.37
993,36297000.0,12,19,40.0,5948000.0,1.0,0,17.37
994,72877000.0,24,21,26.0,6077000.0,0.0,1,17.53
995,46512000.0,24,47,11.0,7921000.0,0.0,1,17.25
996,15532000.0,24,50,6.0,8419000.0,1.0,1,14.41
997,110491000.0,48,53,2.0,6658000.0,0.0,0,24.04
998,20734000.0,60,35,9.0,8200000.0,0.0,0,23.2
999,114277000.0,48,54,33.0,1552000.0,1.0,1,15.0
1000,56291000.0,36,36,24.0,5897000.0,1.0,0,20.07
