ID_Vivienda,Area_M2,Habitaciones,Antiguedad_Anios,Eficiencia_Energetica,Distancia_Centro_Km,Paneles_Solares,Aislamiento_Termico,Precio_USD
1,136.1,4,33,3,29.1,0,1,207406.75
2,268.7,3,7,5,2.5,0,0,465896.47
3,218.4,5,21,7,19.6,0,0,382026.44
4,187.7,1,7,2,2.7,0,1,336905.94
5,85.9,5,14,6,11.6,1,0,262041.53
6,85.9,1,16,6,24.2,1,0,189108.07
7,63.4,2,22,3,13.3,0,1,165444.97
8,249.2,1,23,6,29.9,1,0,352177.45
9,188.3,4,44,10,17.0,1,1,362973.62
10,212.9,3,18,10,10.0,1,1,414494.23
11,54.7,2,4,5,7.0,1,0,178910.56
12,273.1,1,31,2,10.8,0,1,364688.98
13,241.5,5,43,9,11.5,1,0,467566.64
14,98.8,2,0,8,2.5,1,0,294639.9
15,91.8,2,22,3,11.4,1,1,210025.25
16,92.2,1,36,8,14.2,1,1,182904.95
17,120.0,2,22,9,21.8,0,0,239224.4
18,170.7,5,12,3,19.9,1,1,350369.96
19,149.3,2,7,3,21.4,0,1,255666.29
20,117.0,5,22,2,0.7,1,1,298333.54
21,190.7,1,42,8,6.9,1,1,350503.11
22,82.1,3,0,10,20.0,0,0,262254.57
23,117.2,2,44,1,14.8,1,0,170547.49
24,134.3,3,23,8,0.7,0,1,324357.44
25,154.9,5,22,7,24.2,1,0,307136.16
26,230.6,2,23,7,23.3,1,1,410605.32
27,95.9,4,16,3,16.7,1,0,197232.72
28,168.3,3,4,1,2.5,1,0,339023.68
29,186.3,2,19,4,23.1,1,0,292947.37
30,60.7,3,20,9,17.7,1,1,225926.26
31,189.7,2,39,5,23.6,1,0,273936.53
32,89.2,1,30,1,22.7,1,1,131662.42
33,65.0,3,35,5,24.2,0,0,134786.93
34,268.2,4,10,8,15.8,1,0,527104.92
35,272.1,4,14,8,4.6,0,0,509521.43
36,235.9,5,18,5,20.3,1,1,419848.21
37,120.1,2,6,9,18.8,0,0,257339.88
38,72.5,3,27,1,22.4,0,0,110284.03
39,207.4,5,42,4,5.5,1,0,360552.28
40,151.2,3,22,3,6.3,1,0,312988.92
41,78.1,2,4,2,26.8,0,1,153618.95
42,163.9,4,29,8,22.6,0,1,298284.21
43,57.9,1,31,7,27.3,1,0,132006.79
44,259.1,4,7,9,22.9,1,1,490578.3
45,109.5,5,9,2,18.1,0,1,236014.2
46,202.4,1,37,4,19.8,0,0,266401.64
47,121.7,5,31,6,26.7,1,1,283354.86
48,169.6,2,27,3,17.6,0,1,271902.57
49,175.7,1,16,8,19.2,1,0,313530.4
50,92.5,5,30,3,5.1,1,0,242522.8
51,273.0,2,7,2,14.5,1,1,434519.31
52,228.3,4,39,3,21.6,0,1,335933.84
53,266.1,2,24,6,8.5,1,0,416318.01
54,255.8,3,8,2,6.5,1,0,458406.13
55,187.5,2,1,8,9.8,1,0,386538.9
56,262.0,2,14,1,7.6,1,1,424977.77
57,70.4,3,2,7,6.8,1,1,262405.11
58,95.1,5,35,2,13.0,1,1,217553.6
59,60.4,5,3,10,27.3,1,0,239418.91
60,124.8,2,13,6,15.5,1,1,253457.26
61,139.4,3,40,2,6.0,1,0,290575.04
62,112.4,3,40,2,2.8,1,0,210685.86
63,240.6,4,24,10,21.0,0,0,412066.4
64,132.1,5,9,8,11.8,1,1,352541.89
65,114.6,1,20,2,24.7,1,1,194956.91
66,174.8,5,35,7,20.0,0,0,321174.11
67,82.4,5,11,3,24.0,0,1,187466.37
68,234.5,4,26,8,8.5,1,0,461727.06
69,67.1,1,39,7,20.9,1,1,158097.01
70,277.0,4,1,8,8.3,1,1,548761.22
71,227.6,1,12,7,28.2,0,1,354688.81
72,95.7,2,31,6,19.3,1,1,233907.34
73,51.3,1,30,7,10.1,0,1,175596.14
74,237.6,4,15,5,8.5,1,0,430009.42
75,212.6,5,31,7,6.1,0,1,439286.62
76,217.7,1,31,1,21.0,0,0,270523.02
77,227.4,1,33,1,7.0,0,0,316639.15
78,67.0,3,10,9,18.1,0,0,187692.75
79,132.4,5,9,5,8.3,0,0,309405.37
80,76.6,2,14,5,20.0,0,1,163696.12
81,248.5,4,16,3,24.5,1,0,403611.71
82,193.4,2,39,5,23.5,1,1,311552.97
83,126.1,5,17,3,22.9,0,1,227581.16
84,64.6,1,8,9,6.0,1,0,225385.58
85,121.5,1,24,9,3.1,0,1,292287.34
86,124.8,5,39,6,21.1,1,0,258209.85
87,217.8,1,13,1,11.4,0,0,320398.76
88,196.6,1,24,7,13.3,0,1,334413.99
89,254.1,1,21,7,1.4,1,0,445524.92
90,158.6,4,29,10,8.2,1,0,362694.22
91,77.5,4,19,10,1.5,1,1,290726.03
92,214.0,3,20,4,26.4,1,1,333041.64
93,225.0,2,43,8,7.7,1,0,394912.23
94,179.1,5,31,6,16.9,0,1,342658.5
95,227.3,5,20,4,1.6,0,1,435462.85
96,163.6,5,34,4,20.2,0,1,289113.32
97,170.2,3,31,2,10.0,0,0,268887.73
98,148.3,4,29,2,27.0,1,1,262637.94
99,55.8,3,38,4,26.7,1,1,122377.07
100,74.8,5,11,5,10.1,0,1,228457.22
101,57.2,2,40,8,27.1,1,1,152673.82
102,196.4,1,17,6,29.9,1,0,291891.48
103,122.3,4,20,4,24.8,0,0,221251.75
104,167.0,4,12,7,25.4,0,0,329640.94
105,258.7,3,20,8,7.8,0,0,452628.27
106,107.3,4,7,2,17.5,0,1,234445.2
107,144.4,5,39,7,2.5,0,0,307802.92
108,223.8,5,6,2,3.3,1,1,443663.97
109,102.6,3,22,2,30.0,0,1,168164.31
110,67.7,5,43,8,10.1,0,0,192110.52
111,116.6,2,31,2,22.6,1,0,179460.14
112,87.1,3,10,9,24.3,1,1,248834.49
113,263.8,2,21,1,25.8,1,1,369045.45
114,235.9,1,21,9,29.9,0,0,358870.91
115,195.7,2,42,1,7.6,0,0,277738.26
116,250.4,1,24,10,1.7,1,1,487686.86
117,234.8,1,21,10,12.6,0,1,396876.93
118,92.9,2,27,2,4.3,0,0,181606.09
119,255.3,3,28,6,1.2,1,1,469538.6
120,174.0,5,12,6,11.1,1,0,366518.95
121,235.7,5,17,1,23.6,1,0,388200.54
122,256.1,1,1,7,17.2,1,0,456321.08
123,123.1,1,28,8,9.7,1,0,256820.93
124,75.3,3,20,2,19.8,0,0,148685.25
125,102.4,4,14,8,7.3,0,0,281964.22
126,148.2,2,26,9,0.9,0,0,309736.98
127,238.1,1,30,6,23.0,0,0,308275.88
128,248.0,5,14,5,18.9,1,0,432980.72
129,51.6,3,22,9,23.0,1,1,175396.5
130,167.5,2,23,9,1.6,1,0,382724.22
131,146.0,3,43,1,25.2,0,0,180018.68
132,101.1,2,12,3,18.8,0,1,188323.97
133,77.6,2,21,9,17.1,0,1,218219.85
134,127.7,1,42,2,18.9,0,0,140513.99
135,266.9,3,36,4,26.0,0,1,367222.63
136,124.3,3,32,4,17.8,1,0,242291.87
137,169.3,5,2,2,17.6,1,1,359570.23
138,211.7,5,18,3,29.7,1,0,353295.22
139,133.6,1,22,3,22.8,1,1,217079.9
140,273.5,1,28,1,13.5,1,0,376962.41
141,271.4,4,29,6,21.4,0,1,438752.83
142,107.9,5,38,8,12.0,0,1,276694.83
143,164.4,2,43,3,7.3,0,0,238790.33
144,119.2,3,24,5,18.1,1,1,253002.95
145,115.5,1,36,1,27.9,1,0,120040.74
146,58.5,3,7,10,27.9,0,1,197947.99
147,190.2,3,41,7,10.6,1,0,338782.22
148,165.6,4,15,10,16.1,1,0,402222.58
149,61.8,5,7,1,6.7,0,0,195121.27
150,114.1,1,0,9,29.9,0,1,214524.13
151,258.9,3,43,8,29.4,1,0,387914.84
152,105.1,1,4,7,19.7,1,0,236057.3
153,83.3,2,2,10,24.2,0,0,236305.37
154,162.6,4,0,7,21.6,1,1,351676.57
155,276.7,2,3,5,18.0,0,1,422785.86
156,105.7,1,39,5,2.1,1,0,225377.04
157,204.6,1,34,5,13.9,1,0,299132.82
158,225.2,5,31,1,20.4,1,0,349566.13
159,104.7,3,41,8,20.5,1,0,218333.55
160,217.5,3,33,1,11.5,1,0,334189.4
161,134.6,2,42,4,28.3,1,1,209369.97
162,195.4,4,24,9,5.4,0,0,390246.39
163,195.7,3,9,9,15.3,1,0,391790.25
164,173.2,5,20,5,20.9,0,0,317578.76
165,70.8,2,22,4,21.1,1,1,145945.18
166,242.1,2,26,3,19.6,1,1,369098.93
167,123.8,5,26,3,8.6,1,1,297782.07
168,92.9,4,1,5,5.1,1,0,292801.07
169,59.4,5,40,10,19.3,1,0,220711.61
170,185.9,4,12,1,18.2,0,0,306418.03
171,205.8,5,8,5,5.8,1,0,409663.32
172,53.8,5,35,6,21.3,0,1,170602.73
173,167.8,1,21,7,13.9,0,1,302054.09
174,102.1,2,41,9,20.2,0,1,215172.29
175,198.4,5,22,3,25.2,1,1,337191.79
176,90.1,5,11,2,5.5,1,0,247766.53
177,208.9,3,16,3,1.1,1,1,392785.79
178,138.9,2,13,9,23.5,1,0,290211.97
179,265.4,3,13,7,18.5,0,0,446806.57
180,81.6,2,33,9,21.1,0,1,183260.48
181,128.4,3,19,2,25.2,1,0,225595.55
182,76.1,5,10,5,24.2,1,0,219606.76
183,262.7,5,15,4,28.8,1,0,423883.57
184,251.8,1,30,2,16.3,0,1,339463.39
185,109.3,3,5,9,14.9,1,1,313834.34
186,201.8,4,18,9,12.4,1,0,418056.93
187,238.0,1,36,6,5.0,0,1,407109.91
188,177.7,3,3,6,17.4,1,0,338798.3
189,171.8,3,3,8,8.7,1,0,386617.22
190,105.6,1,19,6,27.7,1,1,189599.59
191,71.4,5,9,1,17.7,0,1,179268.56
192,256.4,3,23,4,18.0,1,1,416769.59
193,257.1,5,34,7,11.0,0,0,449223.23
194,195.6,1,25,2,2.0,0,1,348518.08
195,128.0,5,36,9,1.4,1,1,352590.25
196,130.3,2,37,8,13.0,1,1,260412.86
197,217.0,4,20,8,3.0,0,0,431026.13
198,256.3,3,39,7,18.4,1,1,397179.32
199,254.0,4,38,4,26.5,1,1,388546.52
200,229.4,5,20,2,26.5,1,0,366692.3
201,197.7,3,9,3,19.9,1,0,344610.2
202,69.4,5,37,6,6.7,1,0,241283.47
203,87.2,2,3,5,26.0,1,1,196857.16
204,256.7,1,44,8,26.6,0,1,354767.63
205,189.5,3,19,6,6.3,0,1,357131.55
206,52.1,2,16,6,22.3,1,1,147638.25
207,73.3,2,6,1,9.0,1,1,194143.74
208,202.6,3,3,4,24.2,1,0,330866.97
209,51.2,5,28,5,29.9,0,0,128174.48
210,87.0,2,13,3,1.4,0,0,193207.91
211,176.2,4,2,9,27.0,1,0,371446.2
212,209.1,2,23,1,18.9,0,0,306642.16
213,200.0,5,36,6,29.2,1,1,334180.94
214,101.6,5,15,6,14.2,0,0,237263.78
215,213.8,4,3,10,25.5,1,0,421401.36
216,104.6,2,23,5,2.3,1,0,248088.37
217,124.8,5,33,5,10.4,0,0,270523.91
218,221.7,3,29,10,2.5,1,1,450719.15
219,199.4,1,17,5,29.3,0,1,282692.33
220,245.3,1,18,6,24.6,1,1,383935.12
221,201.3,1,30,8,25.7,1,0,324860.17
222,180.7,2,18,2,28.2,1,1,247314.41
223,71.5,4,18,6,3.0,1,1,256847.73
224,134.6,5,21,1,11.9,1,1,289365.71
225,111.0,3,23,4,2.6,0,0,232634.29
226,106.1,3,22,10,6.7,0,1,285849.04
227,273.8,2,11,3,7.3,1,1,448675.08
228,140.4,1,29,9,14.3,1,1,285954.49
229,255.2,2,37,3,8.4,1,1,405772.27
230,195.2,4,30,6,3.5,1,0,381154.58
231,232.8,4,35,1,5.4,1,1,371841.12
232,165.6,5,18,6,4.8,1,0,372256.15
233,182.7,5,44,4,29.2,1,1,313928.29
234,163.3,4,35,8,22.9,1,0,306832.26
235,94.9,4,29,9,29.0,1,0,215667.79
236,216.2,4,32,4,13.5,0,0,363208.07
237,114.6,2,17,10,8.7,0,1,284130.7
238,55.6,4,22,10,24.0,0,0,175978.07
239,198.5,3,10,6,10.1,0,1,380668.47
240,90.7,1,44,1,9.3,0,1,142074.0
241,266.3,4,32,4,7.4,1,0,476555.56
242,269.4,1,16,7,4.3,1,0,469226.83
243,260.4,2,5,1,8.1,1,0,429668.08
244,135.1,1,3,8,11.0,1,1,304703.41
245,53.6,2,19,10,20.4,0,1,167889.58
246,263.5,3,26,6,2.3,0,0,449172.98
247,148.5,2,14,5,6.7,0,0,285861.04
248,272.3,2,5,10,24.4,1,1,465432.85
249,271.6,5,13,9,4.8,0,1,533296.47
250,246.2,4,10,2,10.6,0,1,423041.81
251,117.7,4,38,5,26.0,1,1,233349.72
252,138.6,3,8,6,5.1,1,0,330951.45
253,245.8,3,25,7,2.9,0,0,437991.58
254,122.9,4,15,5,14.8,1,0,273040.9
255,89.0,5,4,9,9.4,1,0,306283.19
256,178.1,4,9,1,17.1,1,0,301187.58
257,265.3,5,2,7,24.2,1,0,502642.3
258,210.1,3,12,10,4.5,0,0,427136.4
259,181.1,1,42,7,17.6,0,1,275776.76
260,72.4,3,29,4,15.4,1,1,175054.5
261,191.5,3,44,9,4.8,1,1,421302.89
262,277.7,2,5,5,18.9,1,1,443495.06
263,82.2,2,16,4,8.6,1,0,198903.82
264,169.2,2,44,7,14.9,1,1,305940.04
265,251.8,2,18,4,2.9,1,0,435102.56
266,220.4,5,41,3,14.1,1,1,393045.18
267,210.3,4,34,9,9.5,1,0,434516.3
268,211.6,1,25,8,24.8,0,1,333573.89
269,132.7,3,4,1,2.2,1,0,274402.63
270,117.5,5,28,7,12.8,0,0,272691.66
271,236.2,1,36,9,14.0,0,1,384243.99
272,236.3,5,19,8,21.9,1,0,463643.71
273,249.4,5,20,8,17.4,0,1,442476.33
274,260.0,3,9,6,20.2,0,1,446130.92
275,167.6,4,4,4,23.4,0,1,314358.97
276,165.3,2,35,8,25.9,1,1,297928.97
277,233.6,4,5,3,9.8,1,1,435776.06
278,199.5,3,25,9,16.4,1,0,367765.81
279,211.5,3,3,2,25.3,0,1,340535.47
280,233.0,3,38,2,29.7,1,1,331253.17
281,254.7,1,38,7,26.7,1,1,382189.68
282,127.7,4,34,10,11.5,0,0,294915.34
283,136.4,4,0,4,6.3,1,1,331552.14
284,71.6,5,23,10,14.9,0,1,237944.56
285,183.0,5,35,8,22.4,1,1,373582.48
286,58.3,5,5,9,15.0,1,0,263961.67
287,157.1,3,40,7,14.8,1,0,282285.61
288,174.8,4,43,5,25.2,0,0,259937.12
289,115.9,3,30,8,11.2,1,1,278273.89
290,185.9,1,19,4,25.9,1,1,266029.19
291,57.0,5,23,2,12.5,1,0,172587.81
292,58.6,3,22,6,10.2,1,0,179344.04
293,239.2,3,35,9,13.9,0,0,398800.25
294,132.8,1,20,1,23.0,0,0,159135.63
295,79.2,2,29,10,4.2,1,1,239175.94
296,170.1,4,23,7,6.3,1,1,403046.08
297,227.1,2,43,10,28.6,1,0,368805.49
298,99.6,5,41,9,5.7,0,1,275201.77
299,193.3,3,29,10,17.2,1,0,375094.06
300,69.6,1,21,9,17.6,0,1,186309.58
301,61.9,1,27,10,14.9,1,0,200018.03
302,172.2,4,6,3,19.5,1,0,312976.74
303,174.3,2,34,5,7.3,1,0,322430.28
304,196.6,4,27,8,16.8,0,1,364775.14
305,217.0,3,22,8,11.5,1,1,413869.65
306,274.4,4,9,4,20.0,0,1,456889.64
307,168.7,1,15,1,4.7,0,0,280114.1
308,124.3,1,15,1,17.3,1,0,226679.91
309,232.9,5,30,4,6.0,1,0,412728.3
310,112.3,5,41,6,8.7,0,1,275812.04
311,151.0,3,24,8,7.0,1,0,328532.39
312,68.0,2,22,6,5.9,1,1,236250.3
313,55.8,4,5,9,24.9,1,1,210354.13
314,271.4,3,43,9,8.9,0,1,443746.76
315,242.3,5,8,2,27.9,1,0,384214.5
316,210.1,4,44,10,29.1,0,0,343022.57
317,144.1,5,35,1,17.4,0,0,230432.02
318,89.9,4,42,2,4.7,0,1,207133.65
319,86.0,2,19,5,11.5,1,1,230772.74
320,107.6,3,17,4,24.0,0,0,200294.93
321,176.3,4,42,4,11.3,0,0,315150.45
322,214.4,1,20,9,3.1,0,1,404739.92
323,201.8,1,3,8,16.9,1,1,364797.24
324,114.4,4,32,6,25.4,1,0,246460.52
325,269.6,4,26,1,24.0,0,1,379038.13
326,219.7,4,6,2,5.7,1,0,419100.02
327,177.5,1,5,6,20.3,1,0,328009.81
328,190.7,1,14,2,7.0,1,1,331555.26
329,146.5,4,17,10,6.9,0,1,344521.09
330,107.0,5,31,5,26.3,1,1,227281.45
331,131.9,5,10,5,7.9,1,0,344497.93
332,224.3,2,19,6,8.3,1,1,405795.53
333,53.3,3,23,6,0.5,0,0,194729.88
334,76.7,5,14,6,26.2,1,0,226680.89
335,60.6,1,6,2,23.9,1,1,139155.87
336,59.4,5,20,10,19.0,1,0,244095.6
337,246.8,2,41,3,22.6,0,0,327795.98
338,211.8,2,25,6,5.0,0,1,371497.98
339,159.1,3,43,8,14.0,1,0,313569.79
340,72.5,5,13,1,10.9,1,0,215917.83
341,163.1,1,36,1,3.3,0,0,232837.4
342,158.9,1,20,2,14.8,1,0,260610.35
343,89.8,4,17,6,27.7,0,1,204051.59
344,149.8,1,4,9,1.7,1,1,349480.05
345,141.7,3,2,4,9.1,1,0,299867.35
346,191.6,3,22,3,6.6,1,0,333355.11
347,196.1,1,25,8,7.5,1,1,366106.08
348,60.4,1,36,10,27.3,0,1,150854.69
349,136.2,4,23,9,14.3,1,0,311738.86
350,193.9,1,18,5,14.3,0,0,304786.71
351,165.7,4,24,9,22.9,1,1,339694.73
352,247.0,4,20,2,5.1,1,0,423876.29
353,201.5,1,11,3,14.9,1,0,301804.51
354,87.5,2,40,7,13.2,0,1,187228.54
355,66.2,2,32,7,18.1,1,1,176275.54
356,197.8,4,3,6,30.0,0,1,358133.46
357,56.1,1,22,6,23.2,0,1,103604.37
358,184.7,2,6,2,12.2,1,1,315794.29
359,266.3,1,21,10,24.9,1,0,436435.38
360,182.4,1,32,6,5.5,1,0,322373.64
361,139.3,1,16,4,1.4,0,0,262805.72
362,198.0,5,23,3,6.5,0,0,364039.81
363,155.4,1,33,2,10.5,1,1,244186.91
364,175.5,5,27,1,15.6,1,1,324088.63
365,266.5,4,42,5,18.6,0,1,416432.06
366,138.8,2,40,2,27.4,1,1,173037.25
367,271.1,2,38,2,15.5,1,0,373059.87
368,258.2,2,21,7,15.3,1,0,423740.64
369,95.0,2,16,8,2.0,1,1,285624.05
370,66.0,2,33,10,1.5,1,1,258469.73
371,73.2,2,5,8,16.8,1,1,222239.11
372,54.2,2,5,4,13.4,1,1,176274.46
373,71.7,4,33,1,25.3,0,1,121124.59
374,207.1,1,0,7,5.2,1,1,400756.67
375,66.4,3,9,1,1.2,1,0,196533.76
376,123.4,5,20,4,13.7,1,1,304249.63
377,244.3,3,4,8,7.5,0,1,454178.97
378,55.4,3,1,2,2.0,1,0,208183.77
379,237.3,1,21,6,21.9,1,1,352252.17
380,114.8,1,1,6,3.8,0,0,252063.94
381,77.2,1,9,9,18.4,1,1,217246.13
382,210.2,2,33,5,8.8,1,0,371748.32
383,194.7,4,15,10,5.6,0,1,425077.37
384,251.8,2,38,4,11.7,1,0,355485.08
385,219.1,4,21,5,24.1,1,1,356938.33
386,234.8,4,11,10,12.1,1,0,473458.36
387,114.9,3,23,5,22.6,0,0,214390.25
388,90.8,3,39,8,4.2,0,0,233705.47
389,222.6,4,37,10,23.3,1,1,412610.84
390,235.6,4,9,8,7.5,0,0,466897.12
391,277.8,2,34,2,20.5,1,0,373724.91
392,144.9,2,31,7,17.2,0,1,273163.93
393,135.6,3,6,8,27.9,0,1,257965.82
394,228.6,1,20,6,11.9,0,1,359140.63
395,128.4,4,19,5,2.5,1,0,290265.5
396,264.1,2,25,9,1.1,1,1,490576.86
397,247.4,3,3,3,24.9,0,0,373344.87
398,148.7,2,21,10,16.0,0,0,297044.22
399,222.7,4,14,4,23.4,0,1,369817.6
400,223.5,4,39,9,7.4,1,1,429444.36
401,73.7,5,20,6,10.7,1,1,255092.11
402,257.6,1,14,8,1.4,1,0,444730.64
403,166.2,5,21,7,28.9,1,0,339158.75
404,240.1,3,27,2,20.2,1,0,353581.49
405,123.6,2,13,3,28.0,0,1,190533.37
406,256.0,3,26,1,8.3,1,0,418617.28
407,139.5,4,40,9,18.5,0,0,261718.04
408,52.5,5,39,7,20.5,0,0,148567.95
409,258.2,5,27,1,9.9,1,1,425945.36
410,71.0,5,25,3,25.5,1,0,172685.54
411,123.4,3,1,4,28.4,1,1,256229.58
412,268.5,4,24,4,26.6,1,0,421201.11
413,268.6,2,2,5,22.3,1,1,470963.94
414,181.9,2,7,3,8.7,0,0,285731.81
415,195.3,3,43,3,8.8,1,1,338329.83
416,153.1,5,32,1,28.9,1,1,247539.43
417,117.4,1,41,7,0.8,1,0,241013.02
418,125.6,3,34,10,21.6,1,1,274762.73
419,204.7,3,5,1,21.3,0,0,299219.76
420,223.0,4,38,2,18.9,1,1,373114.3
421,232.1,2,22,4,29.7,1,1,353582.57
422,231.6,3,24,4,9.7,0,0,375728.35
423,71.0,3,42,5,10.5,1,0,193812.19
424,163.7,5,18,2,2.8,1,0,327874.65
425,63.2,5,4,4,13.6,1,0,211231.54
426,176.4,1,10,1,8.2,1,0,263364.39
427,151.6,4,11,2,10.6,0,0,278407.03
428,254.2,1,9,1,25.1,0,0,329640.38
429,130.7,5,7,10,28.1,0,1,317959.3
430,76.9,2,23,10,6.0,1,0,248317.1
431,82.9,5,27,4,11.5,0,0,194542.32
432,225.1,4,40,4,27.9,0,1,339262.86
433,192.2,5,35,7,2.3,1,0,407875.53
434,73.3,4,36,10,3.2,1,0,272221.65
435,69.3,4,20,9,5.3,1,0,241161.85
436,211.2,4,7,9,18.1,0,1,422587.89
437,66.7,4,8,5,4.9,0,1,221771.82
438,239.0,4,14,10,29.1,0,0,409432.12
439,212.4,2,39,1,13.7,1,1,319362.38
440,68.7,1,17,1,15.3,1,1,141818.12
441,69.5,3,41,6,7.8,1,1,193956.52
442,276.9,1,19,2,14.4,0,1,391400.28
443,136.1,4,5,8,20.0,1,1,313746.58
444,135.2,2,11,9,22.7,0,0,279353.21
445,236.9,5,1,4,22.7,0,0,404711.59
446,267.9,2,6,5,17.5,1,0,447847.6
447,276.8,4,15,8,27.2,1,1,471681.62
448,223.3,2,2,3,24.6,0,1,336442.09
449,136.5,2,44,5,22.8,0,1,196154.76
450,69.2,4,2,3,2.1,1,1,264864.09
451,228.7,2,26,10,0.7,0,0,419411.83
452,178.4,3,42,3,6.8,0,1,305835.15
453,147.6,3,39,3,20.1,0,1,225360.57
454,258.5,2,37,7,12.6,0,1,385013.44
455,75.6,5,32,7,12.4,0,1,224756.23
456,163.3,4,27,7,26.6,1,1,300575.7
457,52.6,3,0,10,26.9,0,0,188906.83
458,157.8,5,7,8,27.3,1,1,339315.11
459,62.9,2,36,5,9.8,1,0,172536.7
460,77.3,5,31,5,20.9,1,1,213582.09
461,77.0,1,42,4,8.5,1,1,161468.85
462,199.3,3,36,7,6.1,1,0,381045.71
463,221.6,2,3,10,5.9,0,1,457216.88
464,184.2,4,29,4,10.6,1,0,340708.81
465,271.3,2,5,2,13.2,1,0,415870.6
466,136.2,4,18,4,25.0,1,0,236862.36
467,115.7,2,31,8,4.0,1,1,277192.4
468,249.8,5,8,9,22.2,1,1,481243.45
469,101.4,5,11,3,16.2,1,1,264834.69
470,271.5,5,10,7,9.0,0,0,495233.24
471,52.8,1,15,9,15.0,1,1,200255.2
472,273.1,4,0,4,9.3,1,1,494769.2
473,59.9,5,44,10,18.1,1,0,214140.51
474,255.0,1,20,3,13.3,0,0,376207.85
475,171.4,4,29,5,5.3,1,0,350801.9
476,278.4,2,12,1,3.9,0,1,433629.55
477,67.0,1,33,3,16.6,0,1,107926.67
478,177.4,3,3,8,27.1,1,1,345801.22
479,272.9,1,27,8,10.6,0,0,415017.64
480,170.3,1,37,4,22.1,1,1,245732.92
481,194.8,4,30,2,19.9,0,0,303817.99
482,210.0,2,26,8,28.0,1,0,334637.34
483,154.5,3,4,8,24.7,0,1,295377.72
484,194.3,5,24,10,17.2,0,0,412293.03
485,184.4,5,2,4,19.9,0,1,363189.58
486,257.3,1,32,3,27.0,0,0,299341.68
487,60.5,4,3,2,12.3,0,1,184972.81
488,114.6,4,24,9,10.1,0,0,287030.64
489,268.6,5,19,1,0.8,1,1,504905.11
490,254.8,3,33,7,24.9,0,0,367852.65
491,154.8,2,25,5,24.1,1,0,265462.49
492,192.6,3,4,8,3.6,0,1,428743.84
493,113.8,2,34,4,17.5,1,0,192156.15
494,93.3,5,27,7,14.2,1,1,269894.84
495,156.7,2,28,5,4.0,1,1,302339.29
496,131.3,4,8,5,29.4,0,0,241083.47
497,184.2,1,37,9,6.8,0,0,319910.92
498,67.9,1,5,9,2.5,1,1,262040.8
499,274.1,5,18,9,18.0,0,1,512607.2
500,276.8,4,43,6,22.3,0,1,412672.85
501,210.6,3,10,6,1.5,0,1,391892.1
502,173.3,4,1,5,19.9,0,1,339920.06
503,121.2,1,43,9,16.2,0,0,214422.45
504,237.2,1,43,10,3.5,1,1,429143.01
505,207.5,4,8,8,5.6,0,1,431854.92
506,87.4,4,20,7,17.3,1,0,240997.03
507,259.5,1,23,7,9.2,0,0,426460.34
508,239.2,3,22,6,28.2,0,0,349480.81
509,268.5,5,21,5,24.7,1,0,439694.58
510,216.9,5,2,4,29.5,0,1,369972.63
511,191.1,4,11,3,8.2,1,0,366636.77
512,146.2,5,27,3,29.1,1,0,275740.88
513,264.5,1,29,6,13.2,0,0,386625.39
514,249.2,1,25,4,10.8,1,1,393262.47
515,60.4,4,20,6,2.0,0,1,223712.24
516,56.1,4,27,3,2.1,1,0,209162.8
517,136.6,4,25,4,20.9,0,0,266018.05
518,236.4,3,32,9,14.0,1,1,439007.36
519,277.1,5,20,5,7.2,0,1,494868.27
520,84.6,4,34,7,18.6,1,0,216391.39
521,186.7,2,33,10,8.0,1,0,338163.32
522,137.6,2,40,2,17.5,1,0,214191.81
523,273.1,1,17,5,11.1,1,0,430335.0
524,243.7,5,10,9,24.8,1,1,477265.1
525,242.8,4,22,3,24.7,1,1,382312.45
526,157.8,2,21,9,14.6,0,0,297436.52
527,145.4,5,16,6,10.8,0,1,328617.7
528,112.9,1,4,4,11.2,0,0,229584.48
529,63.0,3,43,7,24.3,0,1,138354.88
530,248.9,5,10,8,10.2,0,1,513616.92
531,237.0,5,29,6,6.7,1,0,453870.35
532,279.9,3,14,5,3.0,0,0,457766.81
533,279.2,5,26,6,14.3,1,1,496507.44
534,177.7,1,34,5,14.7,0,0,254254.9
535,226.9,1,32,8,25.3,0,0,298642.41
536,267.3,3,19,1,7.0,1,1,456518.65
537,245.4,4,15,7,11.7,1,1,477437.71
538,106.9,2,33,10,24.3,1,0,232673.49
539,153.6,4,1,10,24.8,1,1,365784.84
540,79.7,5,34,2,11.8,0,0,164740.79
541,269.4,2,39,9,14.0,1,1,445646.59
542,189.4,3,27,1,9.4,0,1,316451.37
543,102.6,3,38,10,28.0,0,1,202035.36
544,204.5,2,5,6,4.0,1,0,368243.77
545,192.2,1,8,9,28.0,0,1,321424.73
546,132.4,2,19,1,20.7,0,1,199748.91
547,76.1,5,0,4,16.2,1,0,243251.76
548,204.5,1,7,4,1.5,1,0,379217.22
549,169.7,3,22,9,14.5,0,0,338626.27
550,227.6,2,2,5,12.5,0,0,386455.24
551,169.6,4,3,5,5.3,0,1,383996.38
552,246.0,4,24,6,19.9,0,0,381722.36
553,176.9,5,37,1,29.1,1,0,271529.98
554,179.0,4,14,1,17.1,0,1,312218.46
555,251.6,2,20,9,21.6,1,0,406125.25
556,142.8,2,34,3,2.5,0,1,240915.55
557,80.8,4,13,4,12.8,1,0,216448.69
558,56.6,2,35,1,3.9,0,1,121561.5
559,223.7,5,11,9,18.6,1,1,470466.03
560,192.7,1,16,8,28.2,0,1,298800.53
561,211.9,5,38,2,20.0,1,0,328998.82
562,99.0,5,8,8,2.8,0,1,314810.4
563,81.4,2,34,7,11.0,0,0,196373.59
564,53.3,1,12,6,16.7,1,0,154631.52
565,130.6,2,14,1,12.4,1,0,229798.99
566,185.7,3,17,7,25.1,1,1,342154.93
567,140.2,2,32,10,24.5,1,0,284104.72
568,150.6,2,22,7,18.5,1,1,306509.94
569,258.0,2,26,9,11.5,0,0,444836.1
570,130.1,1,22,1,8.0,0,0,202250.96
571,168.2,2,26,2,3.6,0,1,287124.97
572,230.2,1,33,9,11.0,1,0,420160.81
573,141.2,4,37,9,12.7,0,1,296182.33
574,193.1,3,13,6,20.4,0,0,326530.77
575,248.3,1,35,6,19.9,1,1,359835.83
576,268.4,4,7,4,2.6,1,1,516029.54
577,83.8,1,34,4,12.2,0,0,162720.27
578,263.1,1,18,5,5.9,0,0,430064.07
579,163.2,3,29,3,5.1,0,1,313637.39
580,109.4,5,13,1,24.9,0,1,212028.55
581,155.6,5,19,1,1.7,0,0,306567.11
582,275.4,1,24,7,12.9,1,0,415645.96
583,163.3,2,39,1,5.5,1,1,296505.48
584,125.6,4,23,1,26.4,1,1,227527.74
585,195.7,2,13,3,16.9,0,0,296371.52
586,105.2,2,25,10,7.3,1,0,292186.68
587,67.4,1,37,4,15.3,0,0,98926.83
588,79.6,1,22,4,22.1,1,1,161729.46
589,79.5,1,21,2,28.8,1,0,110103.45
590,84.9,1,18,1,7.0,0,1,170189.13
591,81.9,5,2,3,26.6,0,0,193212.12
592,197.4,1,41,4,28.1,1,0,236888.87
593,91.8,5,18,3,27.5,0,1,197806.92
594,129.5,5,8,8,19.2,1,1,349861.37
595,256.3,1,27,10,19.1,0,1,411874.4
596,159.0,3,19,1,12.4,1,0,285751.38
597,203.5,4,44,2,22.7,0,1,281278.65
598,89.6,2,6,7,16.2,0,1,225484.87
599,94.2,5,13,4,20.5,1,0,230405.87
600,59.4,4,8,8,13.1,0,0,228863.77
601,88.9,3,18,3,22.1,0,0,165152.9
602,114.1,2,13,6,24.8,0,0,214305.88
603,90.7,2,37,9,4.8,0,1,248527.53
604,70.4,5,35,1,25.1,0,0,135049.42
605,77.7,1,39,1,16.4,0,1,108102.42
606,156.0,3,16,8,25.4,1,1,303321.45
607,97.5,5,29,3,13.2,0,1,226541.57
608,133.8,3,8,5,11.7,1,1,299502.92
609,165.8,1,32,1,27.5,0,0,179471.23
610,208.8,1,24,5,7.9,0,0,325455.59
611,59.0,5,13,6,25.4,1,0,186890.89
612,233.9,1,10,8,14.8,0,1,374886.94
613,194.4,4,34,3,15.7,1,0,318432.28
614,68.8,2,40,3,9.6,0,1,143820.55
615,250.9,5,13,10,17.4,1,0,476346.88
616,261.8,3,29,9,10.1,1,0,466888.19
617,64.0,4,40,4,1.7,1,0,222553.22
618,113.7,5,3,4,8.5,1,1,328551.68
619,235.4,1,3,7,0.7,1,1,473122.5
620,222.1,1,27,2,29.4,0,0,268418.53
621,92.4,1,7,8,29.0,0,1,203610.12
622,98.2,1,1,6,12.2,1,0,226362.42
623,135.2,3,22,3,22.0,0,1,200767.92
624,161.4,4,21,9,10.7,0,1,325430.32
625,192.2,2,40,5,20.3,1,0,306233.75
626,134.9,3,15,8,24.3,0,1,293358.89
627,156.4,3,28,7,28.4,1,0,266761.87
628,221.9,2,29,8,12.3,1,1,396777.58
629,58.4,2,11,7,23.6,1,0,159253.65
630,108.1,1,34,3,8.3,1,0,208666.84
631,214.1,3,10,2,29.7,0,0,316874.19
632,255.9,5,20,7,1.3,0,1,478211.74
633,167.7,2,20,3,18.3,1,1,290288.26
634,172.4,2,4,3,20.0,0,1,284879.94
635,74.6,4,19,2,20.8,1,1,186810.73
636,152.9,5,36,4,4.1,1,1,342182.93
637,172.5,5,2,8,28.2,1,0,361466.57
638,105.8,2,43,1,5.8,0,0,163406.96
639,111.9,1,32,1,18.9,1,0,153158.5
640,136.8,4,8,5,7.1,1,1,347793.79
641,54.6,5,8,5,9.6,1,0,235175.12
642,124.1,2,3,1,16.6,0,1,223172.0
643,98.6,5,34,6,12.8,1,1,251198.58
644,125.3,4,16,1,5.2,1,0,266382.04
645,77.5,4,33,5,5.5,1,0,234809.03
646,254.8,3,23,9,12.8,1,0,458852.36
647,186.5,2,31,5,22.8,0,0,279339.38
648,206.2,4,0,6,27.0,1,0,400448.14
649,231.5,3,7,8,3.0,1,0,476938.27
650,164.6,3,44,1,12.1,0,1,249317.9
651,70.0,5,22,2,3.5,1,1,228218.13
652,173.5,5,39,9,1.0,1,0,366432.4
653,185.0,3,11,3,20.0,1,0,314529.38
654,221.5,5,11,6,18.3,1,0,418012.85
655,149.3,4,22,5,5.3,1,1,353759.39
656,79.3,1,40,2,7.4,1,1,152778.14
657,115.3,4,18,7,1.2,0,0,295180.38
658,133.5,3,25,4,25.1,0,0,191772.21
659,198.6,3,28,1,29.3,1,1,273620.39
660,181.3,4,21,4,4.5,1,1,379894.81
661,131.9,5,39,6,7.3,1,0,324415.89
662,276.9,5,20,7,26.1,1,1,480204.7
663,189.3,3,37,7,27.8,0,0,291158.73
664,104.6,2,19,7,12.9,1,0,254629.74
665,73.4,5,28,3,2.0,0,1,215919.27
666,85.2,4,3,6,1.7,1,1,304051.77
667,106.6,5,6,8,17.4,1,0,294664.12
668,87.0,4,27,4,12.1,0,1,222477.89
669,92.9,3,27,8,1.3,0,0,255291.84
670,115.6,5,3,2,17.7,1,1,282231.42
671,89.9,4,21,10,0.8,1,0,298783.82
672,256.3,3,11,9,23.7,0,1,449909.39
673,68.5,2,44,9,9.5,1,1,230591.56
674,170.6,4,2,8,1.7,1,0,400505.06
675,144.4,2,21,10,17.9,1,1,311472.89
676,275.9,2,43,10,12.2,1,1,470554.29
677,75.8,1,1,1,29.2,1,1,143486.87
678,141.5,5,23,2,16.6,1,0,271060.44
679,273.0,4,33,6,8.6,1,1,447153.64
680,249.1,2,26,10,21.4,1,1,447985.27
681,237.9,1,40,5,8.5,0,0,354751.07
682,109.3,3,0,9,27.2,1,1,259209.63
683,89.3,4,7,5,11.6,0,0,229434.17
684,203.8,2,22,2,16.7,0,0,312418.19
685,263.8,5,37,10,2.0,0,1,529723.56
686,178.1,1,5,4,13.1,0,1,316138.68
687,181.5,2,21,9,25.1,1,1,333311.65
688,114.4,5,24,1,24.3,0,0,197945.85
689,227.0,2,17,1,7.1,1,1,372528.89
690,93.0,4,16,7,7.2,1,0,290088.88
691,124.4,4,11,3,24.6,1,0,233789.89
692,147.9,4,5,10,27.9,0,0,304455.4
693,166.8,1,25,2,3.3,1,1,304373.3
694,105.8,4,26,9,13.8,1,1,292517.66
695,76.4,5,22,3,10.5,1,1,267891.61
696,190.4,2,18,2,26.2,1,1,279841.85
697,116.4,3,41,8,3.0,1,0,279142.66
698,183.7,5,0,10,6.7,1,1,451806.04
699,85.5,5,28,6,22.7,0,0,202613.35
700,160.7,4,44,6,2.0,1,0,314332.44
701,172.5,1,34,10,15.0,0,0,291473.4
702,61.9,2,39,7,13.5,1,1,159089.95
703,127.4,1,13,7,10.4,0,1,272477.08
704,80.9,2,34,6,12.1,0,1,191674.07
705,64.6,2,44,4,16.1,1,0,108936.85
706,277.7,1,19,9,5.3,1,0,496581.63
707,124.1,5,12,6,17.4,0,1,325193.98
708,236.3,2,22,4,24.3,1,0,332777.08
709,108.6,1,7,3,22.9,1,1,192906.63
710,206.7,2,42,4,5.0,0,1,365366.97
711,224.9,3,19,3,4.9,1,0,378747.38
712,187.0,5,32,2,8.4,0,1,338591.28
713,158.5,4,25,5,11.2,1,1,334780.47
714,144.7,2,38,2,12.5,1,0,245166.77
715,130.2,3,20,6,20.6,0,1,259566.87
716,263.8,4,41,3,2.2,1,0,432566.39
717,241.0,4,42,6,1.5,0,1,418685.79
718,272.0,2,40,10,12.1,1,1,462648.14
719,78.6,1,8,9,21.1,1,1,205316.87
720,218.1,2,23,1,6.2,1,1,358598.9
721,265.8,3,36,6,19.4,0,0,389779.65
722,91.7,4,40,9,8.2,0,1,236696.55
723,65.3,2,16,4,26.6,0,0,134986.75
724,220.5,1,23,2,26.9,0,1,278802.93
725,182.1,2,20,4,9.3,1,1,319157.36
726,243.6,5,38,1,7.3,1,0,400130.89
727,82.1,1,40,3,12.6,1,0,142445.46
728,232.9,3,38,10,7.6,1,1,425567.4
729,96.4,4,12,9,20.3,1,1,285829.77
730,87.6,2,22,10,24.9,1,0,215684.11
731,87.8,1,18,5,20.4,1,0,193182.35
732,237.4,5,10,6,24.8,1,0,433037.53
733,203.0,1,12,3,12.2,0,1,316551.2
734,170.3,5,44,5,5.1,0,0,315882.99
735,132.5,3,0,8,22.3,1,1,311615.39
736,251.8,4,39,6,11.1,0,0,418553.49
737,140.3,3,43,4,20.3,0,1,223719.07
738,237.8,2,18,2,8.5,1,0,376794.09
739,151.0,1,11,9,2.9,1,1,350500.44
740,136.7,5,7,1,29.8,1,0,242228.69
741,156.4,5,7,1,5.1,0,1,325731.53
742,119.3,1,44,4,29.7,0,0,106045.49
743,222.0,1,11,7,29.3,1,1,367234.71
744,165.6,2,32,1,23.9,1,1,240935.57
745,103.4,3,44,9,20.0,1,0,216668.53
746,256.9,5,25,4,17.5,1,1,469159.82
747,138.3,2,38,3,26.0,1,1,208819.2
748,175.0,3,27,1,9.0,1,0,282916.28
749,258.5,2,4,10,14.3,0,0,467855.85
750,193.6,5,7,4,18.8,1,0,378376.58
751,76.9,1,24,9,12.6,1,1,222059.96
752,266.2,1,26,10,13.1,1,1,453690.93
753,194.4,3,22,6,10.2,1,0,370505.95
754,127.0,4,29,6,17.1,1,1,279058.9
755,82.0,3,44,1,25.6,0,1,117871.3
756,232.6,4,22,10,6.4,1,1,460490.67
757,192.6,2,19,2,28.1,0,1,261493.52
758,172.7,2,17,6,20.8,1,1,335140.86
759,255.6,5,17,2,24.8,0,1,391895.19
760,231.4,4,1,3,16.9,0,0,384053.94
761,84.9,5,3,4,23.5,1,1,237399.46
762,121.7,1,29,5,1.0,1,0,235747.33
763,107.2,4,32,9,24.6,1,0,222100.63
764,221.1,3,35,4,1.7,0,0,366357.96
765,57.7,1,17,9,26.8,1,1,167855.31
766,181.1,1,36,10,29.8,0,1,280044.94
767,225.4,3,18,3,9.2,1,0,383911.46
768,251.7,1,27,8,6.7,1,0,426991.49
769,128.7,4,39,1,23.1,1,0,215099.1
770,238.9,5,19,9,8.0,0,1,477039.65
771,75.4,1,32,9,26.0,1,0,153461.01
772,244.7,4,11,10,3.5,0,1,497551.49
773,79.3,2,14,2,4.2,1,0,203777.16
774,141.4,4,40,4,29.4,0,0,226194.32
775,233.4,5,38,8,20.4,1,0,408612.28
776,84.5,4,1,7,25.5,0,0,221362.21
777,102.7,3,28,1,10.1,1,1,217085.29
778,216.1,5,40,5,20.5,1,0,354464.06
779,215.6,2,9,7,18.0,1,0,381445.01
780,197.5,3,1,4,18.3,0,0,321336.91
781,209.6,4,10,1,20.6,1,0,323771.4
782,174.8,5,12,9,17.5,1,0,394250.96
783,107.9,2,9,5,13.2,1,0,236968.5
784,129.5,3,13,2,8.6,0,1,261202.36
785,91.8,2,17,8,23.2,1,1,224135.26
786,258.9,4,8,2,7.2,1,0,439308.2
787,184.2,2,38,3,20.9,0,0,247356.95
788,142.2,1,27,10,7.4,0,1,284052.78
789,156.3,3,2,1,18.9,1,0,293916.67
790,267.9,2,19,2,22.5,0,0,346553.36
791,85.3,4,5,7,7.0,0,0,260275.58
792,184.8,4,26,10,2.3,1,0,404542.74
793,166.4,2,1,2,4.4,1,1,339645.05
794,190.6,4,28,6,18.4,0,0,325672.82
795,54.2,5,37,3,25.6,1,1,143626.0
796,250.6,5,2,4,1.8,0,0,485588.42
797,264.4,5,15,8,22.2,0,0,460353.17
798,180.0,1,29,3,10.6,0,1,282399.73
799,210.2,2,39,10,14.6,1,0,360674.09
800,262.2,1,1,6,27.9,0,1,377942.2
801,212.7,4,16,1,10.3,0,0,350711.5
802,85.1,1,40,7,14.2,1,1,183548.84
803,182.5,4,11,8,0.9,1,0,426192.22
804,189.5,4,34,8,2.9,0,1,387866.1
805,147.6,3,42,3,8.1,1,0,264810.9
806,219.4,5,0,10,1.3,0,1,483519.41
807,264.9,4,44,1,19.1,1,0,399736.24
808,262.9,3,14,9,13.1,1,1,488604.1
809,153.7,5,25,6,16.7,1,0,332746.04
810,76.0,4,36,9,5.7,0,1,236016.9
811,276.5,4,20,7,9.2,0,0,481821.12
812,242.9,1,30,1,20.1,0,0,285240.86
813,78.7,1,24,1,29.0,0,0,85999.81
814,261.8,5,22,6,2.0,0,0,477578.31
815,250.1,4,23,5,26.8,1,0,398875.29
816,169.3,2,37,9,17.5,1,1,328350.69
817,186.0,1,27,2,17.1,1,1,264559.52
818,141.8,5,20,8,15.3,1,0,327786.1
819,62.6,4,42,5,2.5,1,1,219587.89
820,127.1,4,17,2,3.2,1,1,322653.66
821,234.7,2,35,10,18.2,0,0,379218.01
822,51.1,5,34,6,10.6,1,1,219668.63
823,126.7,4,44,10,27.6,1,0,270291.34
824,141.6,1,8,8,12.5,1,1,332456.95
825,173.6,2,37,4,4.7,1,0,281883.34
826,261.6,5,29,2,21.6,0,1,403335.45
827,129.7,2,43,5,9.2,0,0,200518.47
828,129.8,1,33,2,16.0,1,0,162571.14
829,219.6,5,31,2,21.1,0,0,340119.54
830,154.0,2,2,6,27.1,1,1,295023.97
831,101.7,3,2,10,23.9,1,1,281556.96
832,154.1,1,27,9,20.5,1,1,289200.67
833,82.4,1,43,4,20.5,1,1,176329.59
834,90.6,1,14,6,28.4,0,0,148351.9
835,164.6,3,40,7,9.2,0,0,305371.49
836,146.4,3,22,6,0.5,1,0,321557.62
837,260.4,4,39,8,8.5,1,0,466992.79
838,133.4,2,10,4,6.9,1,0,288641.2
839,183.5,4,31,1,20.0,0,0,277748.78
840,195.4,2,35,7,19.2,0,0,325576.78
841,53.0,3,32,3,18.0,1,0,145476.22
842,202.6,3,23,6,1.0,0,0,380790.96
843,90.9,4,38,2,22.0,1,0,140374.46
844,271.0,5,33,9,10.0,0,1,493317.89
845,84.2,4,27,1,20.1,1,1,213536.33
846,145.4,2,36,6,16.9,1,1,264532.06
847,69.6,4,6,6,10.6,1,0,255538.61
848,279.3,1,3,5,4.5,0,0,469078.31
849,165.5,2,22,5,3.3,1,0,308552.57
850,186.9,2,0,1,25.0,1,1,289523.14
851,65.4,5,0,10,27.6,1,1,233526.25
852,222.5,3,19,5,19.7,1,0,379784.96
853,98.3,2,18,2,3.6,1,1,219497.93
854,256.6,3,28,7,12.4,1,0,440763.81
855,97.2,4,9,3,22.0,1,1,216202.16
856,93.9,1,17,4,23.5,0,1,156042.15
857,58.4,5,27,3,4.0,0,1,203504.63
858,158.6,3,34,3,0.5,0,1,301923.12
859,179.9,2,42,4,21.5,1,0,249347.13
860,65.1,3,30,5,11.0,1,0,197737.93
861,228.4,2,26,1,8.0,1,0,343637.26
862,154.3,3,10,4,0.9,0,0,297531.37
863,170.6,2,37,8,16.4,0,1,296541.72
864,151.4,4,4,10,25.6,1,1,355862.5
865,142.2,2,7,7,28.8,1,0,266777.07
866,178.7,2,22,9,17.2,0,1,335620.59
867,85.7,1,11,5,15.7,1,0,187337.61
868,91.8,2,37,10,3.0,0,0,236414.56
869,248.2,1,0,4,16.7,0,0,364261.79
870,267.6,5,30,8,11.7,1,0,500096.64
871,135.9,1,3,9,18.4,0,0,273986.71
872,112.3,4,44,7,12.0,1,0,250034.67
873,198.1,1,4,7,7.6,0,0,335468.9
874,144.0,5,29,5,3.3,0,1,343782.95
875,55.8,4,23,4,9.8,0,0,156917.84
876,85.9,3,2,10,3.4,1,0,297379.66
877,214.7,3,10,1,5.7,1,0,377925.13
878,201.6,1,44,10,29.6,1,1,300841.3
879,56.2,1,3,10,13.6,0,0,174727.88
880,101.1,5,25,7,16.2,0,1,236887.63
881,103.1,5,26,1,26.3,1,0,214076.96
882,204.5,2,42,1,29.9,1,1,252432.77
883,54.5,5,26,5,17.7,1,1,235302.24
884,73.9,2,41,9,24.5,0,0,136492.74
885,234.0,4,5,6,10.1,1,0,439192.59
886,91.1,1,14,3,9.5,1,0,185040.28
887,200.1,4,29,3,12.4,0,1,344742.62
888,104.8,5,41,7,20.3,1,0,237907.56
889,72.9,4,36,6,20.6,0,0,174772.99
890,105.9,4,36,9,9.8,1,1,279431.94
891,216.1,4,41,6,4.4,1,0,382345.9
892,246.8,5,36,5,19.2,1,1,403221.42
893,241.0,4,34,10,4.3,1,1,458017.11
894,141.4,2,22,7,17.6,0,0,249633.17
895,203.7,5,5,1,21.0,1,0,354013.24
896,97.1,4,3,7,21.2,0,0,236697.76
897,117.4,5,17,3,22.7,0,1,257020.87
898,256.2,3,8,9,26.2,1,1,471386.36
899,53.0,2,28,6,15.2,1,1,161632.36
900,69.7,4,12,9,22.0,1,1,222697.95
901,97.8,3,16,5,18.8,0,1,208749.54
902,56.1,3,44,7,6.0,1,0,177627.14
903,91.7,5,31,4,1.3,1,0,253289.38
904,184.1,3,21,7,8.9,0,1,350802.37
905,146.9,2,3,1,13.6,0,0,236683.45
906,255.3,2,4,7,18.7,0,0,412436.5
907,238.0,1,36,8,25.6,0,1,337673.51
908,128.6,2,40,5,6.3,1,0,249999.87
909,109.7,3,12,2,4.2,1,1,268549.42
910,137.3,2,33,5,28.9,1,1,211347.26
911,185.8,5,44,6,3.7,1,0,389452.78
912,111.7,1,22,2,14.6,0,1,170164.25
913,193.6,3,22,6,17.8,1,0,325686.39
914,144.2,1,2,6,16.5,1,0,285169.34
915,177.0,3,41,1,3.0,1,0,286241.1
916,150.3,5,33,1,2.2,0,0,290130.5
917,117.7,1,31,10,3.6,1,0,250080.98
918,268.1,4,44,3,17.8,0,0,400034.47
919,225.6,3,20,10,16.6,0,0,414567.52
920,82.2,4,43,10,7.4,1,0,237644.28
921,249.7,1,20,3,19.3,0,1,334629.67
922,162.1,4,43,4,24.7,1,1,293342.19
923,255.7,4,22,2,1.7,1,0,449526.44
924,234.0,1,38,9,15.2,1,0,368389.78
925,147.8,5,3,10,20.8,0,0,321957.37
926,55.2,4,0,7,7.9,0,0,224540.66
927,111.8,4,27,7,9.6,0,1,272117.36
928,174.6,5,23,6,18.6,1,1,368735.92
929,195.7,4,34,3,27.0,0,0,265036.06
930,109.3,4,12,6,24.4,0,0,213981.56
931,82.1,4,33,8,17.7,0,0,212186.55
932,242.0,2,10,8,22.0,0,1,417580.76
933,276.4,5,35,9,11.3,1,0,485896.17
934,170.9,4,16,1,19.4,1,1,317403.17
935,89.5,5,34,1,14.3,0,1,191275.5
936,112.6,3,17,3,6.1,1,0,266701.66
937,54.2,3,39,3,21.2,1,1,127607.36
938,260.3,4,21,10,16.9,1,1,462657.66
939,77.1,5,23,8,11.1,1,1,272201.39
940,182.6,5,18,10,27.4,1,0,388871.73
941,113.0,5,36,1,1.1,1,0,246075.05
942,177.5,2,38,2,9.8,0,1,266119.42
943,199.8,3,20,2,2.2,1,1,370136.4
944,240.8,5,7,3,23.1,1,1,390555.83
945,97.5,5,27,6,21.2,0,1,254531.17
946,52.5,2,4,1,10.3,0,1,134758.49
947,81.5,2,16,2,20.4,1,1,174743.83
948,257.0,5,36,1,12.2,1,0,408009.59
949,251.0,1,22,5,22.8,1,1,377341.43
950,187.4,5,18,7,13.9,1,1,407272.67
951,188.1,5,26,8,12.7,1,1,402355.91
952,203.0,2,33,10,28.1,1,1,338177.82
953,90.3,2,10,1,7.9,1,0,207199.21
954,260.3,5,44,7,4.1,1,1,464343.7
955,146.3,5,11,5,17.7,1,1,340675.69
956,138.1,5,20,10,29.1,1,0,300686.46
957,169.4,2,10,1,11.6,0,0,284277.4
958,60.8,5,38,3,2.3,1,0,205085.59
959,88.2,5,27,7,10.5,1,0,271829.49
960,219.7,4,4,10,15.4,0,0,437308.87
961,69.0,1,16,1,5.3,1,0,134271.47
962,188.7,3,19,7,19.9,1,1,347496.25
963,106.4,1,40,5,29.9,0,1,147818.67
964,139.5,4,11,1,13.8,1,1,287174.87
965,116.4,3,5,1,11.0,1,1,269671.88
966,131.8,5,16,1,12.3,1,0,281139.29
967,215.4,4,18,9,3.9,0,0,422799.58
968,118.3,5,25,3,26.6,1,1,232322.23
969,180.3,2,43,5,12.7,1,0,293760.01
970,159.5,4,43,10,11.9,0,1,307256.47
971,202.6,2,31,9,20.0,1,1,382631.3
972,265.5,4,5,6,13.5,1,1,498425.96
973,218.5,4,35,9,19.6,0,1,405349.42
974,99.4,2,22,8,2.3,1,0,231132.75
975,57.2,3,10,8,24.5,1,0,204184.78
976,110.3,1,32,1,28.2,0,1,151252.99
977,186.9,5,23,9,19.6,0,0,352674.46
978,61.8,4,22,6,28.7,0,1,171356.82
979,164.2,5,14,9,5.0,0,0,387463.32
980,187.3,2,26,3,14.6,1,1,293391.79
981,126.9,5,10,3,18.3,1,1,297289.61
982,227.3,2,16,6,17.7,0,1,383678.24
983,74.5,5,13,9,12.3,0,0,251061.48
984,67.3,1,26,7,10.5,0,0,175166.0
985,217.5,1,17,3,4.2,1,1,351473.84
986,164.0,1,27,3,12.1,0,0,224912.93
987,208.3,1,3,2,5.3,1,1,367164.17
988,150.0,1,6,9,22.2,1,1,306604.62
989,106.7,1,44,3,6.7,0,1,167726.12
990,238.4,2,34,5,2.2,1,1,423915.13
991,233.9,4,8,9,16.8,1,0,461645.73
992,209.8,5,7,8,18.1,1,1,451897.67
993,112.6,1,44,2,26.2,1,1,142972.36
994,185.8,2,16,3,17.5,0,0,292030.96
995,133.0,2,16,2,10.7,0,1,233952.2
996,71.1,2,32,8,24.2,1,0,190620.82
997,261.0,4,31,6,16.4,0,0,409299.45
998,81.5,5,7,6,2.8,0,0,297738.57
999,268.6,4,18,9,17.2,0,1,480068.66
1000,152.6,3,37,8,27.3,0,0,234593.87
